"Emitente","Num. Doc.","Série Doc.","MotivoCancelamento","Mdfe","Data Emissao","Hora Emissao","Tomador","Cidade Rem.","UF Rem.","Destinatário","Cidade Dest.","UF Dest.","Data Prev. Entrega","Data Entrega","Status Rastreio","Volume"
"SAO LUIZ-MA","560781","001","","17137 / 001","03/07/2024","17:10:10","MEDCENTRO TO DISTRIBUIDORA DE PROD FARMACEUTICOS / 04.857.869/0002-99","Imperatriz","MA","P DE M BRITO / 43.623.827/0001-64","Chapadinha","MA","05/07/2024","//","Carga em Rota","2"
"SAO LUIZ-MA","560782","001","","17137 / 001","03/07/2024","17:10:10","MEDCENTRO TO DISTRIBUIDORA DE PROD FARMACEUTICOS / 04.857.869/0002-99","Imperatriz","MA","JOCIVALDA GOMES DA SILVA / 38.230.016/0001-63","Sao Luis","MA","04/07/2024","//","Carga em Rota","1"
"SAO LUIZ-MA","560783","001","","17137 / 001","03/07/2024","17:10:09","MEDCENTRO TO DISTRIBUIDORA DE PROD FARMACEUTICOS / 04.857.869/0002-99","Imperatriz","MA","JOCIVALDA GOMES DA SILVA / 38.230.016/0001-63","Sao Luis","MA","04/07/2024","//","Carga em Rota","4"
"SAO LUIZ-MA","560784","001","","17137 / 001","03/07/2024","17:10:10","MEDCENTRO TO DISTRIBUIDORA DE PROD FARMACEUTICOS / 04.857.869/0002-99","Imperatriz","MA","C M BRAGA CARDOSO E CIA LTDA / 35.194.000/0001-54","Guimaraes","MA","05/07/2024","//","Carga em Rota","1"
"SAO LUIZ-MA","560785","001","","17137 / 001","03/07/2024","17:10:11","MEDCENTRO TO DISTRIBUIDORA DE PROD FARMACEUTICOS / 04.857.869/0002-99","Imperatriz","MA","JOCIVALDA GOMES DA SILVA / 38.230.016/0001-63","Sao Luis","MA","04/07/2024","//","Carga em Rota","0"
"SAO LUIZ-MA","560786","001","","17137 / 001","03/07/2024","17:10:11","MEDCENTRO TO DISTRIBUIDORA DE PROD FARMACEUTICOS / 04.857.869/0002-99","Imperatriz","MA","EDIMAR P. DA PONTE / 23.725.347/0001-05","Chapadinha","MA","05/07/2024","//","Carga em Rota","7"
"SAO LUIZ-MA","560787","001","","17137 / 001","03/07/2024","17:10:12","MEDCENTRO TO DISTRIBUIDORA DE PROD FARMACEUTICOS / 04.857.869/0002-99","Imperatriz","MA","VANESSA G. LEAL / 31.256.169/0001-30","Centro do Guilherme","MA","04/07/2024","//","Carga em Rota","1"
"SAO LUIZ-MA","560788","001","","17137 / 001","03/07/2024","17:10:12","MEDCENTRO TO DISTRIBUIDORA DE PROD FARMACEUTICOS / 04.857.869/0002-99","Imperatriz","MA","K A DE MESQUITA / 50.388.821/0001-15","Vitorino Freire","MA","04/07/2024","//","Carga em Rota","3"
"SAO LUIZ-MA","560789","001","","17137 / 001","03/07/2024","17:10:12","MEDCENTRO TO DISTRIBUIDORA DE PROD FARMACEUTICOS / 04.857.869/0002-99","Imperatriz","MA","T F DA SILVA SENA / 40.001.795/0001-77","Santa Luzia do Parua","MA","04/07/2024","//","Carga em Rota","4"
"SAO LUIZ-MA","560790","001","","17137 / 001","03/07/2024","17:10:13","MEDCENTRO TO DISTRIBUIDORA DE PROD FARMACEUTICOS / 04.857.869/0002-99","Imperatriz","MA","J. A. SILVA DIAS / 05.454.935/0001-61","Pinheiro","MA","05/07/2024","//","Carga em Rota","4"
"SAO LUIZ-MA","560791","001","","17137 / 001","03/07/2024","17:10:13","MEDCENTRO TO DISTRIBUIDORA DE PROD FARMACEUTICOS / 04.857.869/0002-99","Imperatriz","MA","D C B MARTINS & CIA LTDA - ME / 11.780.053/0001-99","Sao Bento","MA","05/07/2024","//","Carga em Rota","4"
"SAO LUIZ-MA","560792","001","","17137 / 001","03/07/2024","17:10:13","MEDCENTRO TO DISTRIBUIDORA DE PROD FARMACEUTICOS / 04.857.869/0002-99","Imperatriz","MA","WERNES NERES SILVA JUNIOR / 48.657.347/0001-38","Brejo de Areia","MA","04/07/2024","//","Carga em Rota","3"
"SAO LUIZ-MA","560793","001","","17137 / 001","03/07/2024","17:10:19","MEDCENTRO TO DISTRIBUIDORA DE PROD FARMACEUTICOS / 04.857.869/0002-99","Imperatriz","MA","29497-A C NUNES COMERCIO ME / 05.968.277/0001-26","Santa Ines","MA","04/07/2024","04/07/2024 11:11","Carga Entregue","3"
"SAO LUIZ-MA","560794","001","","17137 / 001","03/07/2024","17:10:14","MEDCENTRO TO DISTRIBUIDORA DE PROD FARMACEUTICOS / 04.857.869/0002-99","Imperatriz","MA","ROSILENE R PEREIRA & GOMES LTDA / 19.916.920/0001-82","Maracacume","MA","05/07/2024","//","Carga em Rota","3"
"SAO LUIZ-MA","560795","001","","17137 / 001","03/07/2024","17:10:14","MEDCENTRO TO DISTRIBUIDORA DE PROD FARMACEUTICOS / 04.857.869/0002-99","Imperatriz","MA","637148-WILZA SOARES DA C SOUSA COMERCIO ME / 24.302.049/0001-67","Paco do Lumiar","MA","04/07/2024","//","Carga em Rota","1"
"SAO LUIZ-MA","560796","001","","17137 / 001","03/07/2024","17:10:15","MEDCENTRO TO DISTRIBUIDORA DE PROD FARMACEUTICOS / 04.857.869/0002-99","Imperatriz","MA","R N S SOUSA JUNIOR - ME / 25.267.682/0001-24","Penalva","MA","05/07/2024","//","Carga em Rota","2"
"SAO LUIZ-MA","560797","001","","17137 / 001","03/07/2024","17:10:15","MEDCENTRO TO DISTRIBUIDORA DE PROD FARMACEUTICOS / 04.857.869/0002-99","Imperatriz","MA","G R FONTES / 48.554.553/0001-12","Sao Luis","MA","04/07/2024","//","Carga em Rota","2"
"SAO LUIZ-MA","560798","001","","17137 / 001","03/07/2024","17:10:15","MEDCENTRO TO DISTRIBUIDORA DE PROD FARMACEUTICOS / 04.857.869/0002-99","Imperatriz","MA","M. T. ALVES FARMACIAS / 35.961.159/0001-57","Sao Luis","MA","04/07/2024","//","Carga em Rota","5"
"SAO LUIZ-MA","560799","001","","17137 / 001","03/07/2024","17:10:16","MEDCENTRO TO DISTRIBUIDORA DE PROD FARMACEUTICOS / 04.857.869/0002-99","Imperatriz","MA","A. L. DROGARIA LTDA / 49.754.587/0001-13","Sao Luis","MA","04/07/2024","//","Carga em Rota","1"
"SAO LUIZ-MA","560800","001","","17137 / 001","03/07/2024","17:10:18","MEDCENTRO TO DISTRIBUIDORA DE PROD FARMACEUTICOS / 04.857.869/0002-99","Imperatriz","MA","FARMACIA PAGUE BEM MENOS LTDA / 35.865.614/0001-10","Sao Luis","MA","04/07/2024","//","Carga em Rota","4"
"SAO LUIZ-MA","560801","001","","17137 / 001","03/07/2024","17:10:15","MEDCENTRO TO DISTRIBUIDORA DE PROD FARMACEUTICOS / 04.857.869/0002-99","Imperatriz","MA","W S S COSTA / 51.291.671/0001-90","Presidente Sarney","MA","05/07/2024","//","Carga em Rota","11"
"SAO LUIZ-MA","560802","001","","17137 / 001","03/07/2024","17:10:14","MEDCENTRO TO DISTRIBUIDORA DE PROD FARMACEUTICOS / 04.857.869/0002-99","Imperatriz","MA","J. B. GARRETO MEDICAMENTOS LTDA - ME / 03.564.328/0001-29","Mata Roma","MA","05/07/2024","//","Carga em Rota","3"
"SAO LUIZ-MA","560803","001","","17137 / 001","03/07/2024","17:10:16","MEDCENTRO TO DISTRIBUIDORA DE PROD FARMACEUTICOS / 04.857.869/0002-99","Imperatriz","MA","R. VINICIUS LINHARES DE AMORIM & CIA LTD / 28.125.876/0001-83","Miranda do Norte","MA","04/07/2024","//","Carga em Rota","5"
"SAO LUIZ-MA","560804","001","","17137 / 001","03/07/2024","17:10:16","MEDCENTRO TO DISTRIBUIDORA DE PROD FARMACEUTICOS / 04.857.869/0002-99","Imperatriz","MA","L M F QUADROS / 04.879.499/0001-00","Carutapera","MA","04/07/2024","//","Carga em Rota","9"
"SAO LUIZ-MA","560805","001","","17137 / 001","03/07/2024","17:10:17","MEDCENTRO TO DISTRIBUIDORA DE PROD FARMACEUTICOS / 04.857.869/0002-99","Imperatriz","MA","DIOGO A. CARVALHAL - ME / 12.671.466/0004-40","Turiacu","MA","05/07/2024","//","Carga em Rota","3"
"SAO LUIZ-MA","560806","001","","17137 / 001","03/07/2024","17:10:16","MEDCENTRO TO DISTRIBUIDORA DE PROD FARMACEUTICOS / 04.857.869/0002-99","Imperatriz","MA","J B DOS SANTOS LOPES / 32.891.938/0001-35","Sao Luis","MA","04/07/2024","//","Carga em Rota","3"
"SAO LUIZ-MA","560807","001","","17137 / 001","03/07/2024","17:10:17","MEDCENTRO TO DISTRIBUIDORA DE PROD FARMACEUTICOS / 04.857.869/0002-99","Imperatriz","MA","A M F DOS S DA SILVA FARMACIA / 26.326.830/0001-05","Vitoria do Mearim","MA","04/07/2024","//","Carga em Rota","3"
"SAO LUIZ-MA","560808","001","","17137 / 001","03/07/2024","17:10:17","MEDCENTRO TO DISTRIBUIDORA DE PROD FARMACEUTICOS / 04.857.869/0002-99","Imperatriz","MA","B M DOS SANTOS / 42.191.301/0001-90","Miranda do Norte","MA","04/07/2024","//","Carga em Rota","6"
"SAO LUIZ-MA","560809","001","","17137 / 001","03/07/2024","17:10:17","MEDCENTRO TO DISTRIBUIDORA DE PROD FARMACEUTICOS / 04.857.869/0002-99","Imperatriz","MA","MIX FARMA MEDICAMENTOS LTDA / 32.651.706/0002-90","Cajari","MA","05/07/2024","//","Carga em Rota","7"
"SAO LUIZ-MA","560810","001","","17137 / 001","03/07/2024","17:10:17","MEDCENTRO TO DISTRIBUIDORA DE PROD FARMACEUTICOS / 04.857.869/0002-99","Imperatriz","MA","T. T. M. OLIVEIRA - ME / 14.316.131/0001-97","Miranda do Norte","MA","04/07/2024","//","Carga em Rota","3"
"SAO LUIZ-MA","560811","001","","17137 / 001","03/07/2024","17:10:20","MEDCENTRO TO DISTRIBUIDORA DE PROD FARMACEUTICOS / 04.857.869/0002-99","Imperatriz","MA","PACHECO E PEREIRA FARMA LTDA / 49.950.327/0001-13","Governador Nunes Freire","MA","04/07/2024","//","Carga em Rota","3"
"SAO LUIZ-MA","560812","001","","17137 / 001","03/07/2024","17:10:18","MEDCENTRO TO DISTRIBUIDORA DE PROD FARMACEUTICOS / 04.857.869/0002-99","Imperatriz","MA","636674-N P LOPES FARMACIA ME . / 19.789.052/0001-17","Vitoria do Mearim","MA","04/07/2024","//","Carga em Rota","5"
"SAO LUIZ-MA","560813","001","","17137 / 001","03/07/2024","17:10:18","MEDCENTRO TO DISTRIBUIDORA DE PROD FARMACEUTICOS / 04.857.869/0002-99","Imperatriz","MA","JOSE EDIVALDO SILVEIRA SALES - ME / 35.202.357/0002-18","Brejo de Areia","MA","04/07/2024","//","Carga em Rota","1"
"SAO LUIZ-MA","560814","001","","17137 / 001","03/07/2024","17:10:18","MEDCENTRO TO DISTRIBUIDORA DE PROD FARMACEUTICOS / 04.857.869/0002-99","Imperatriz","MA","638528 - B S FREITAS ME / 06.798.370/0001-00","Olinda Nova do Maranhao","MA","05/07/2024","//","Carga em Rota","5"
"SAO LUIZ-MA","560815","001","","17137 / 001","03/07/2024","17:10:19","MEDCENTRO TO DISTRIBUIDORA DE PROD FARMACEUTICOS / 04.857.869/0002-99","Imperatriz","MA","G A SOARES COMERCIO ME / 52.964.155/0001-41","Paco do Lumiar","MA","04/07/2024","//","Carga em Rota","2"
"SAO LUIZ-MA","560816","001","","17137 / 001","03/07/2024","17:10:21","MEDCENTRO TO DISTRIBUIDORA DE PROD FARMACEUTICOS / 04.857.869/0002-99","Imperatriz","MA","637088-A S PEREIRA PIRES / 14.084.195/0001-00","Cururupu","MA","05/07/2024","//","Carga em Rota","1"
"SAO LUIZ-MA","560817","001","","17137 / 001","03/07/2024","17:10:22","MEDCENTRO TO DISTRIBUIDORA DE PROD FARMACEUTICOS / 04.857.869/0002-99","Imperatriz","MA","P. S. LIMA FERNANDES / 10.713.908/0001-04","Vitoria do Mearim","MA","04/07/2024","//","Carga em Rota","3"
"SAO LUIZ-MA","560818","001","","17137 / 001","03/07/2024","17:10:22","MEDCENTRO TO DISTRIBUIDORA DE PROD FARMACEUTICOS / 04.857.869/0002-99","Imperatriz","MA","L DE F LIMA LTDA / 11.487.630/0003-10","Urbano Santos","MA","05/07/2024","//","Carga em Rota","3"
"SAO LUIZ-MA","560819","001","","17137 / 001","03/07/2024","17:10:19","MEDCENTRO TO DISTRIBUIDORA DE PROD FARMACEUTICOS / 04.857.869/0002-99","Imperatriz","MA","ELISVALDO C. SANTOS & CIA LTDA - ME / 03.539.886/0001-34","Centro do Guilherme","MA","04/07/2024","//","Carga em Rota","5"
"SAO LUIZ-MA","560820","001","","17137 / 001","03/07/2024","17:10:19","MEDCENTRO TO DISTRIBUIDORA DE PROD FARMACEUTICOS / 04.857.869/0002-99","Imperatriz","MA","637148-WILZA SOARES DA C SOUSA COMERCIO ME / 24.302.049/0001-67","Paco do Lumiar","MA","04/07/2024","//","Carga em Rota","3"
"SAO LUIZ-MA","560821","001","","17137 / 001","03/07/2024","17:10:20","DISTRIBUIDORA RIO PARNAIBA MEDICAMENTOS / 25.407.188/0001-18","Imperatriz","MA","27746-R DA S FERREIRA DROGARIA ME / 03.242.614/0001-78","Sao Luis","MA","05/07/2024","//","Carga em Rota","6"
"SAO LUIZ-MA","560822","001","","17137 / 001","03/07/2024","17:10:20","DISTRIBUIDORA RIO PARNAIBA MEDICAMENTOS / 25.407.188/0001-18","Imperatriz","MA","FARMACIA E LAB.SANTA RITA DE CASSIA LTDA / 07.454.897/0001-72","Barreirinhas","MA","05/07/2024","//","Carga em Rota","4"
"SAO LUIZ-MA","560823","001","","17137 / 001","03/07/2024","17:10:21","DISTRIBUIDORA RIO PARNAIBA MEDICAMENTOS / 25.407.188/0001-18","Imperatriz","MA","SARAIVA & NUNES LTDA / 36.083.446/0001-74","Maracacume","MA","05/07/2024","//","Carga em Rota","4"
"SAO LUIZ-MA","560824","001","","17137 / 001","03/07/2024","17:10:23","DISTRIBUIDORA RIO PARNAIBA MEDICAMENTOS / 25.407.188/0001-18","Imperatriz","MA","L GONCALVES PIRES MONTELES E CIA LTDA / 01.997.057/0001-70","Barreirinhas","MA","05/07/2024","//","Carga em Rota","1"
"SAO LUIZ-MA","560825","001","","17137 / 001","03/07/2024","17:10:21","DISTRIBUIDORA RIO PARNAIBA MEDICAMENTOS / 25.407.188/0001-18","Imperatriz","MA","C P MOREIRA / 04.793.921/0001-00","Pinheiro","MA","05/07/2024","//","Carga em Rota","5"
"SAO LUIZ-MA","560826","001","","17137 / 001","03/07/2024","17:10:23","DISTRIBUIDORA RIO PARNAIBA MEDICAMENTOS / 25.407.188/0001-18","Imperatriz","MA","D V ALMADA ME / 44.351.137/0001-66","Santa Ines","MA","05/07/2024","04/07/2024 10:39","Carga Entregue","6"
"SAO LUIZ-MA","560827","001","","17137 / 001","03/07/2024","17:10:21","DISTRIBUIDORA RIO PARNAIBA MEDICAMENTOS / 25.407.188/0001-18","Imperatriz","MA","FARMACIA SAUDE E ECONOMIA E COMERCIO LTD / 21.363.801/0001-91","Sao Luis","MA","05/07/2024","//","Carga em Rota","2"
"SAO LUIZ-MA","560828","001","","17137 / 001","03/07/2024","17:10:25","DISTRIBUIDORA RIO PARNAIBA MEDICAMENTOS / 25.407.188/0001-18","Imperatriz","MA","FARMACIA NOSSA FARMA LTDA / 51.520.566/0001-85","Barreirinhas","MA","05/07/2024","//","Carga em Rota","2"
"SAO LUIZ-MA","560829","001","","17137 / 001","03/07/2024","17:10:25","DISTRIBUIDORA RIO PARNAIBA MEDICAMENTOS / 25.407.188/0001-18","Imperatriz","MA","W C S DE JESUS ME / 47.960.560/0001-51","Nova Olinda do Maranhao","MA","05/07/2024","//","Carga em Rota","1"
"SAO LUIZ-MA","560830","001","","17137 / 001","03/07/2024","17:10:22","DISTRIBUIDORA RIO PARNAIBA MEDICAMENTOS / 25.407.188/0001-18","Imperatriz","MA","D. N. SANTOS. FARMACIA / 34.604.532/0001-50","Governador Nunes Freire","MA","05/07/2024","//","Carga em Rota","4"
"SAO LUIZ-MA","560831","001","","17137 / 001","03/07/2024","17:10:22","DISTRIBUIDORA RIO PARNAIBA MEDICAMENTOS / 25.407.188/0001-18","Imperatriz","MA","IVANILDO C DE CARVALHO / 19.293.254/0001-73","Araguana","MA","05/07/2024","//","Carga em Rota","1"
"SAO LUIZ-MA","560832","001","","17137 / 001","03/07/2024","17:10:24","DISTRIBUIDORA RIO PARNAIBA MEDICAMENTOS / 25.407.188/0001-18","Imperatriz","MA","R. VINICIUS LINHARES DE AMORIM & CIA LTD / 28.125.876/0001-83","Miranda do Norte","MA","05/07/2024","//","Carga em Rota","4"
"SAO LUIZ-MA","560833","001","","17137 / 001","03/07/2024","17:10:23","DISTRIBUIDORA RIO PARNAIBA MEDICAMENTOS / 25.407.188/0001-18","Imperatriz","MA","JP DA SILVA MEDICAMENTOS LTDA / 32.061.197/0001-65","Turiacu","MA","05/07/2024","//","Carga em Rota","2"
"SAO LUIZ-MA","560834","001","","17137 / 001","03/07/2024","17:10:23","DISTRIBUIDORA RIO PARNAIBA MEDICAMENTOS / 25.407.188/0001-18","Imperatriz","MA","J. RODRIGUES SILVA / 39.651.614/0001-79","Barreirinhas","MA","05/07/2024","//","Carga em Rota","2"
"SAO LUIZ-MA","560835","001","","17137 / 001","03/07/2024","17:10:24","DISTRIBUIDORA RIO PARNAIBA MEDICAMENTOS / 25.407.188/0001-18","Imperatriz","MA","IRANILDO B. DA SILVA E CIA LTDA / 69.379.824/0001-10","Cururupu","MA","05/07/2024","//","Carga em Rota","6"
"SAO LUIZ-MA","560836","001","","17137 / 001","03/07/2024","17:10:27","DISTRIBUIDORA RIO PARNAIBA MEDICAMENTOS / 25.407.188/0001-18","Imperatriz","MA","AD. NEGOCIOS E SAUDE LTDA / 53.209.220/0001-96","Barreirinhas","MA","05/07/2024","//","Carga em Rota","1"
"SAO LUIZ-MA","560837","001","","17137 / 001","03/07/2024","17:10:24","DISTRIBUIDORA RIO PARNAIBA MEDICAMENTOS / 25.407.188/0001-18","Imperatriz","MA","M C DA SILVA e CIA LTDA / 41.852.859/0001-06","Bom Jardim","MA","05/07/2024","//","Carga em Rota","2"
"SAO LUIZ-MA","560838","001","","17137 / 001","03/07/2024","17:10:28","DISTRIBUIDORA RIO PARNAIBA MEDICAMENTOS / 25.407.188/0001-18","Imperatriz","MA","FARMACIA NOGUEIRA LTDA / 41.111.688/0001-64","Sao Luis","MA","05/07/2024","//","Carga em Rota","9"
"SAO LUIZ-MA","560839","001","","17137 / 001","03/07/2024","17:10:25","DISTRIBUIDORA RIO PARNAIBA MEDICAMENTOS / 25.407.188/0001-18","Imperatriz","MA","L. G. G. DE OLIVEIRA COMERCIO / 28.178.548/0001-45","Sao Jose de Ribamar","MA","05/07/2024","//","Carga em Rota","8"
"SAO LUIZ-MA","560840","001","","17137 / 001","03/07/2024","17:10:33","DISTRIBUIDORA RIO PARNAIBA MEDICAMENTOS / 25.407.188/0001-18","Imperatriz","MA","FRANCISCO CARVALHO MOTA / 41.485.319/0001-31","Bom Jardim","MA","05/07/2024","//","Carga em Rota","2"
"SAO LUIZ-MA","560841","001","","17137 / 001","03/07/2024","17:10:25","DISTRIBUIDORA RIO PARNAIBA MEDICAMENTOS / 25.407.188/0001-18","Imperatriz","MA","NILFARMA MEDICAMENTOS LTDA / 36.446.546/0001-18","Pirapemas","MA","05/07/2024","//","Carga em Rota","2"
"SAO LUIZ-MA","560842","001","","17137 / 001","03/07/2024","17:10:26","DISTRIBUIDORA RIO PARNAIBA MEDICAMENTOS / 25.407.188/0001-18","Imperatriz","MA","REAL FARMA LTDA / 21.041.391/0001-62","Sao Luis","MA","05/07/2024","//","Carga em Rota","2"
"SAO LUIZ-MA","560843","001","","17137 / 001","03/07/2024","17:10:27","DISTRIBUIDORA RIO PARNAIBA MEDICAMENTOS / 25.407.188/0001-18","Imperatriz","MA","GIANNE LOBATO R DA SILVA / 24.557.583/0001-14","Sao Luis","MA","05/07/2024","//","Carga em Rota","3"
"SAO LUIZ-MA","560844","001","","17137 / 001","03/07/2024","17:10:26","DISTRIBUIDORA RIO PARNAIBA MEDICAMENTOS / 25.407.188/0001-18","Imperatriz","MA","COSTA SILVA SOUSA  LTDA / 32.141.901/0001-90","Araguana","MA","05/07/2024","//","Carga em Rota","3"
"SAO LUIZ-MA","560845","001","","17137 / 001","03/07/2024","17:10:26","DISTRIBUIDORA RIO PARNAIBA MEDICAMENTOS / 25.407.188/0001-18","Imperatriz","MA","R S MATIAS FARMACIA LTDA ME / 43.743.747/0001-42","Bom Jardim","MA","05/07/2024","//","Carga em Rota","2"
"SAO LUIZ-MA","560846","001","","17137 / 001","03/07/2024","17:10:28","DISTRIBUIDORA RIO PARNAIBA MEDICAMENTOS / 25.407.188/0001-18","Imperatriz","MA","FARMACIA DO TRABALHADOR RURAL EIRELI-ME / 13.057.338/0001-21","Morros","MA","05/07/2024","//","Carga em Rota","7"
"SAO LUIZ-MA","560847","001","","17137 / 001","03/07/2024","17:10:30","DISTRIBUIDORA RIO PARNAIBA MEDICAMENTOS / 25.407.188/0001-18","Imperatriz","MA","RADAR COMERCIO E SERVICOS LTDA / 46.232.462/0001-35","Sao Luis","MA","05/07/2024","//","Carga em Rota","1"
"SAO LUIZ-MA","560848","001","","17137 / 001","03/07/2024","17:10:28","DISTRIBUIDORA RIO PARNAIBA MEDICAMENTOS / 25.407.188/0001-18","Imperatriz","MA","A WELITON P BRANDAO ME / 18.851.255/0002-04","Santa Ines","MA","05/07/2024","//","Carga em Rota","4"
"SAO LUIZ-MA","560849","001","","17137 / 001","03/07/2024","17:10:28","DISTRIBUIDORA RIO PARNAIBA MEDICAMENTOS / 25.407.188/0001-18","Imperatriz","MA","637206-D S MENDONCA ME / 21.497.723/0001-18","Penalva","MA","05/07/2024","//","Carga em Rota","1"
"SAO LUIZ-MA","560850","001","","17137 / 001","03/07/2024","17:10:27","DISTRIBUIDORA RIO PARNAIBA MEDICAMENTOS / 25.407.188/0001-18","Imperatriz","MA","UNIMAR SILVA DE SOUZA / 23.977.160/0001-90","Alto Alegre do Pindare","MA","05/07/2024","//","Carga em Rota","1"
"SAO LUIZ-MA","560851","001","","17137 / 001","03/07/2024","17:10:28","DISTRIBUIDORA RIO PARNAIBA MEDICAMENTOS / 25.407.188/0001-18","Imperatriz","MA","W O SANTOS JUNIOR / 05.170.176/0001-05","Sao Luis","MA","05/07/2024","//","Carga em Rota","1"
"SAO LUIZ-MA","560852","001","","17137 / 001","03/07/2024","17:10:29","DISTRIBUIDORA RIO PARNAIBA MEDICAMENTOS / 25.407.188/0001-18","Imperatriz","MA","ALANNA CASSIA DI C DA SILVA LTDA / 54.019.075/0001-43","Sao Joao do Caru","MA","05/07/2024","//","Carga em Rota","2"
"SAO LUIZ-MA","560853","001","","17137 / 001","03/07/2024","17:10:29","DISTRIBUIDORA RIO PARNAIBA MEDICAMENTOS / 25.407.188/0001-18","Imperatriz","MA","T.V.DA SILVA / 34.348.372/0001-25","Sao Jose de Ribamar","MA","05/07/2024","//","Carga em Rota","3"
"SAO LUIZ-MA","560854","001","","17137 / 001","03/07/2024","17:10:35","DISTRIBUIDORA RIO PARNAIBA MEDICAMENTOS / 25.407.188/0001-18","Imperatriz","MA","G. DA C. GRANJEIRO / 06.957.911/0002-79","Viana","MA","05/07/2024","//","Carga em Rota","3"
"SAO LUIZ-MA","560855","001","","17137 / 001","03/07/2024","17:10:31","DINAMICA COMERCIAL E ATACADO LTDA / 14.424.239/0001-01","Imperatriz","MA","A J CAVALCANTE DOS SANTOS / 12.801.367/0001-93","Pedro do Rosario","MA","05/07/2024","//","Carga em Rota","1"
"SAO LUIZ-MA","560856","001","","17137 / 001","03/07/2024","17:10:29","DINAMICA COMERCIAL E ATACADO LTDA / 14.424.239/0001-01","Imperatriz","MA","M S V DE ANDRADE E COMPANHIA LTDA / 06.061.434/0001-88","Chapadinha","MA","05/07/2024","//","Carga em Rota","1"
"SAO LUIZ-MA","560857","001","","17137 / 001","03/07/2024","17:10:34","DINAMICA COMERCIAL E ATACADO LTDA / 14.424.239/0001-01","Imperatriz","MA","L. DE JESUS B. GONZAGA-ME / 40.876.045/0001-49","Olho D Agua das Cunhas","MA","05/07/2024","//","Carga em Rota","1"
"SAO LUIZ-MA","560858","001","","17137 / 001","03/07/2024","17:10:36","DINAMICA BEM-ESTAR / 45.618.498/0001-99","Imperatriz","MA","ELIABE MARQUES COSTA COMERCIO / 19.967.747/0001-41","Cantanhede","MA","05/07/2024","//","Carga em Rota","2"
"SAO LUIZ-MA","560859","001","","17137 / 001","03/07/2024","17:10:39","DINAMICA BEM-ESTAR / 45.618.498/0001-99","Imperatriz","MA","A. S. MACHADO FARMACIA / 25.027.043/0001-91","Candido Mendes","MA","05/07/2024","//","Carga em Rota","1"
"SAO LUIZ-MA","560860","001","","17137 / 001","03/07/2024","17:57:24","MEDCENTRO TO DISTRIBUIDORA DE PROD FARMACEUTICOS / 04.857.869/0002-99","Imperatriz","MA","PAULO HENRIQUE DE SENA COSTA / 15.443.720/0001-07","Sao Jose de Ribamar","MA","04/07/2024","//","Carga em Rota","4"
"SAO LUIZ-MA","560861","001","","17137 / 001","03/07/2024","17:57:24","MEDCENTRO TO DISTRIBUIDORA DE PROD FARMACEUTICOS / 04.857.869/0002-99","Imperatriz","MA","E J COMERCIO DE FARMACIA LTDA / 43.029.018/0001-29","Sao Jose de Ribamar","MA","04/07/2024","//","Carga em Rota","3"
"SAO LUIZ-MA","560862","001","","17137 / 001","03/07/2024","17:57:24","MEDCENTRO TO DISTRIBUIDORA DE PROD FARMACEUTICOS / 04.857.869/0002-99","Imperatriz","MA","D L M FARMACIA EIRELI / 42.899.347/0001-68","Primeira Cruz","MA","05/07/2024","//","Carga em Rota","4"
"SAO LUIZ-MA","560863","001","","17137 / 001","03/07/2024","17:57:27","MEDCENTRO TO DISTRIBUIDORA DE PROD FARMACEUTICOS / 04.857.869/0002-99","Imperatriz","MA","PH & F LTDA / 47.872.238/0001-70","Barreirinhas","MA","05/07/2024","//","Carga em Rota","4"
"SAO LUIZ-MA","560864","001","","17137 / 001","03/07/2024","17:57:24","MEDCENTRO TO DISTRIBUIDORA DE PROD FARMACEUTICOS / 04.857.869/0002-99","Imperatriz","MA","FARMACIA E LAB.SANTA RITA DE CASSIA LTDA / 07.454.897/0001-72","Barreirinhas","MA","05/07/2024","//","Carga em Rota","3"
"SAO LUIZ-MA","560865","001","","17137 / 001","03/07/2024","17:57:26","MEDCENTRO TO DISTRIBUIDORA DE PROD FARMACEUTICOS / 04.857.869/0002-99","Imperatriz","MA","636474-M G DE SOUSA SILVA - EPP . / 05.688.374/0001-65","Pinheiro","MA","05/07/2024","//","Carga em Rota","6"
"SAO LUIZ-MA","560866","001","","17137 / 001","03/07/2024","17:57:28","MEDCENTRO TO DISTRIBUIDORA DE PROD FARMACEUTICOS / 04.857.869/0002-99","Imperatriz","MA","W J FARMACIA / 40.225.808/0001-91","Sao Bento","MA","05/07/2024","//","Carga em Rota","2"
"SAO LUIZ-MA","560867","001","","17137 / 001","03/07/2024","17:57:25","MEDCENTRO TO DISTRIBUIDORA DE PROD FARMACEUTICOS / 04.857.869/0002-99","Imperatriz","MA","V B DE L SOUSA LTDA / 35.841.452/0001-80","Pindare-Mirim","MA","04/07/2024","//","Carga em Rota","2"
"SAO LUIZ-MA","560868","001","","17137 / 001","03/07/2024","17:57:25","MEDCENTRO TO DISTRIBUIDORA DE PROD FARMACEUTICOS / 04.857.869/0002-99","Imperatriz","MA","MIX FARMA MEDICAMENTOS LTDA / 32.651.706/0001-00","Arari","MA","04/07/2024","//","Carga em Rota","8"
"SAO LUIZ-MA","560869","001","","17137 / 001","03/07/2024","17:57:25","MEDCENTRO TO DISTRIBUIDORA DE PROD FARMACEUTICOS / 04.857.869/0002-99","Imperatriz","MA","R. M. REIS COSTA E CIA LTDA -ME / 26.973.721/0001-71","Cururupu","MA","05/07/2024","//","Carga em Rota","8"
"SAO LUIZ-MA","560870","001","","17137 / 001","03/07/2024","17:57:26","MEDCENTRO TO DISTRIBUIDORA DE PROD FARMACEUTICOS / 04.857.869/0002-99","Imperatriz","MA","FARMACIA MARQUES DE ANDRADE LTDA - ME / 06.271.886/0001-94","Chapadinha","MA","05/07/2024","//","Carga em Rota","1"
"SAO LUIZ-MA","560871","001","","17137 / 001","03/07/2024","17:57:26","MEDCENTRO TO DISTRIBUIDORA DE PROD FARMACEUTICOS / 04.857.869/0002-99","Imperatriz","MA","R. ILIDIO MENDONCA FILHO / 38.328.741/0001-79","Anajatuba","MA","04/07/2024","//","Carga em Rota","5"
"SAO LUIZ-MA","560872","001","","17137 / 001","03/07/2024","17:57:27","MEDCENTRO TO DISTRIBUIDORA DE PROD FARMACEUTICOS / 04.857.869/0002-99","Imperatriz","MA","A. L. G. PINTO CUTRIM-ME / 01.159.364/0001-81","Matinha","MA","05/07/2024","//","Carga em Rota","9"
"SAO LUIZ-MA","560873","001","","17137 / 001","03/07/2024","17:57:26","MEDCENTRO TO DISTRIBUIDORA DE PROD FARMACEUTICOS / 04.857.869/0002-99","Imperatriz","MA","L. D. ARAUJO / 20.134.115/0001-86","Presidente Medici","MA","04/07/2024","//","Carga em Rota","5"
"SAO LUIZ-MA","560874","001","","17137 / 001","03/07/2024","17:57:25","DISTRIBUIDORA RIO PARNAIBA MEDICAMENTOS / 25.407.188/0001-18","Imperatriz","MA","G DOS SANTOS COMERCIO / 28.181.283/0001-34","Bela Vista do Maranhao","MA","05/07/2024","//","Carga em Rota","4"
"SAO LUIZ-MA","560875","001","","17137 / 001","03/07/2024","17:57:28","DISTRIBUIDORA RIO PARNAIBA MEDICAMENTOS / 25.407.188/0001-18","Imperatriz","MA","SEREJO E MUNIZ LTDA - ME / 23.473.068/0001-93","Sao Luis","MA","05/07/2024","//","Carga em Rota","2"
"SAO LUIZ-MA","560876","001","","17137 / 001","03/07/2024","17:57:28","DISTRIBUIDORA RIO PARNAIBA MEDICAMENTOS / 25.407.188/0001-18","Imperatriz","MA","FARMAY EMPREENDIMENTOS LTDA ME / 45.348.245/0001-42","Pinheiro","MA","05/07/2024","//","Carga em Rota","4"
"SAO LUIZ-MA","560877","001","","17137 / 001","03/07/2024","17:57:28","DISTRIBUIDORA RIO PARNAIBA MEDICAMENTOS / 25.407.188/0001-18","Imperatriz","MA","LINDONJOHSON R. DE BRITO COMERCIO (329) / 04.226.321/0001-60","Ze Doca","MA","05/07/2024","//","Carga em Rota","2"
"SAO LUIZ-MA","560878","001","","17137 / 001","03/07/2024","17:57:30","DISTRIBUIDORA RIO PARNAIBA MEDICAMENTOS / 25.407.188/0001-18","Imperatriz","MA","LIMA SILVA E ANDRADE LTDA / 07.619.576/0001-80","Santa Luzia","MA","05/07/2024","//","Carga em Rota","8"
"SAO LUIZ-MA","560879","001","","17137 / 001","03/07/2024","17:57:27","DISTRIBUIDORA RIO PARNAIBA MEDICAMENTOS / 25.407.188/0001-18","Imperatriz","MA","RICCO FARMA DISTRIBUIDORA LTDA / 39.960.498/0001-70","Sao Luis","MA","05/07/2024","//","Carga em Rota","2"
"SAO LUIZ-MA","560880","001","","17137 / 001","03/07/2024","17:57:27","DISTRIBUIDORA RIO PARNAIBA MEDICAMENTOS / 25.407.188/0001-18","Imperatriz","MA","MELQUIZEDEQUE DA S E S LOPES LTDA (500) / 32.725.082/0001-28","Governador Nunes Freire","MA","05/07/2024","//","Carga em Rota","1"
"SAO LUIZ-MA","560881","001","ERRRO DE REMRETENTE","","03/07/2024","18:07:03","PANPHARMA DISTRIBUIDORA DE MEDICAMENTOS LTDA. / 01.206.820/0032-01","Santa Ines","MA","PANPHARMA DISTRIBUIDORA DE MEDICAMENTOS LTDA. / 01.206.820/0032-01","Itaitinga","CE","03/07/2024","//","Documento Cancelado","1"
"SAO LUIZ-MA","560882","001","","","03/07/2024","18:08:14","PANPHARMA DISTRIBUIDORA DE MEDICAMENTOS LTDA. / 01.206.820/0032-01","Imperatriz","MA","PANPHARMA DISTRIBUIDORA DE MEDICAMENTOS LTDA. / 01.206.820/0032-01","Itaitinga","CE","03/07/2024","//","Carga em Rota","1"
"SAO LUIZ-MA","560883","001","","","03/07/2024","18:09:21","PANPHARMA DISTRIBUIDORA DE MEDICAMENTOS LTDA. / 01.206.820/0032-01","Imperatriz","MA","PANPHARMA DISTRIBUIDORA DE MEDICAMENTOS LTDA. / 01.206.820/0032-01","Itaitinga","CE","03/07/2024","//","Carga em Rota","1"
"SAO LUIZ-MA","560884","001","","","03/07/2024","18:10:14","PANPHARMA DISTRIBUIDORA DE MEDICAMENTOS LTDA. / 01.206.820/0032-01","Imperatriz","MA","PANPHARMA DISTRIBUIDORA DE MEDICAMENTOS LTDA. / 01.206.820/0032-01","Itaitinga","CE","03/07/2024","//","Carga em Rota","1"
"SAO LUIZ-MA","560885","001","","17137 / 001","03/07/2024","18:15:08","M M BIKES LTDA / 30.870.514/0001-69","Imperatriz","MA","ALDO CLEVERSON DE OLIVEIRA SOBRINHO / 51.858.842/0001-10","Barcarena","PA","05/07/2024","//","Carga em Rota","5"
"SAO LUIZ-MA","560886","001","","17137 / 001","03/07/2024","18:15:08","M M BIKES LTDA / 30.870.514/0001-69","Imperatriz","MA","LUIS LIMA ALBUQUERQUE / 252.320.293-04","Lago Verde","MA","05/07/2024","//","Carga em Rota","7"
"SAO LUIZ-MA","560887","001","","17137 / 001","03/07/2024","18:25:36","MEDCENTRO TO DISTRIBUIDORA DE PROD FARMACEUTICOS / 04.857.869/0002-99","Imperatriz","MA","DROGARIA FARMADEL LTDA / 03.735.142/0001-95","Sao Luis","MA","04/07/2024","//","Carga em Rota","2"
"SAO LUIZ-MA","560888","001","","17137 / 001","03/07/2024","18:25:37","DISTRIBUIDORA RIO PARNAIBA MEDICAMENTOS / 25.407.188/0001-18","Imperatriz","MA","G R DE OLIVEIRA FARMACIA / 46.262.915/0001-76","Governador Nunes Freire","MA","05/07/2024","//","Carga em Rota","2"
"SAO LUIZ-MA","560889","001","","17137 / 001","03/07/2024","18:25:36","DISTRIBUIDORA RIO PARNAIBA MEDICAMENTOS / 25.407.188/0001-18","Imperatriz","MA","637088-A S PEREIRA PIRES / 14.084.195/0001-00","Cururupu","MA","05/07/2024","//","Carga em Rota","1"
"SAO LUIZ-MA","560890","001","","17137 / 001","03/07/2024","18:25:37","DISTRIBUIDORA RIO PARNAIBA MEDICAMENTOS / 25.407.188/0001-18","Imperatriz","MA","638545-W R DOS SANTOS MARTINS . / 29.300.857/0001-09","Vitoria do Mearim","MA","05/07/2024","//","Carga em Rota","3"
"SAO LUIZ-MA","560891","001","","17137 / 001","03/07/2024","18:45:48","CENTROFARMA DISTRIBUIDORA FARMACEUTICA LTDA - ME / 09.523.254/0003-20","Imperatriz","MA","A VALE SANTOS LTDA / 45.706.602/0001-05","Sao Benedito do Rio Preto","MA","08/07/2024","//","Carga em Rota","1"
"SAO LUIZ-MA","560892","001","","17137 / 001","03/07/2024","18:45:50","CENTROFARMA DISTRIBUIDORA FARMACEUTICA LTDA - ME / 09.523.254/0003-20","Imperatriz","MA","27746-R DA S FERREIRA DROGARIA ME / 03.242.614/0001-78","Sao Luis","MA","08/07/2024","//","Carga em Rota","2"
"SAO LUIZ-MA","560893","001","","17137 / 001","03/07/2024","18:45:52","CENTROFARMA DISTRIBUIDORA FARMACEUTICA LTDA - ME / 09.523.254/0003-20","Imperatriz","MA","F. S. DOS SANTOS MEIRELES / 40.401.197/0001-95","Sao Mateus do Maranhao","MA","08/07/2024","//","Carga em Rota","2"
"SAO LUIZ-MA","560894","001","","17137 / 001","03/07/2024","18:45:48","DISTRIBUIDORA RIO PARNAIBA MEDICAMENTOS / 25.407.188/0001-18","Imperatriz","MA","REM FARMA LTDA / 52.113.596/0001-30","Paulo Ramos","MA","05/07/2024","//","Carga em Rota","1"
"SAO LUIZ-MA","560895","001","","17137 / 001","03/07/2024","18:45:49","DISTRIBUIDORA RIO PARNAIBA MEDICAMENTOS / 25.407.188/0001-18","Imperatriz","MA","BARROS E RODRIGUES LTDA / 45.900.671/0001-47","Sao Luis","MA","05/07/2024","//","Carga em Rota","3"
"SAO LUIZ-MA","560896","001","","17137 / 001","03/07/2024","18:45:52","DISTRIBUIDORA RIO PARNAIBA MEDICAMENTOS / 25.407.188/0001-18","Imperatriz","MA","L R DROGARIA EIRELI / 30.453.389/0001-91","Sao Luis","MA","05/07/2024","//","Carga em Rota","1"
"SAO LUIZ-MA","560897","001","","17137 / 001","03/07/2024","18:45:54","DISTRIBUIDORA RIO PARNAIBA MEDICAMENTOS / 25.407.188/0001-18","Imperatriz","MA","21489-MAURICIO M DE OLIVEIRA EIRELI ME / 12.111.555/0001-90","Paco do Lumiar","MA","05/07/2024","//","Carga em Rota","7"
"SAO LUIZ-MA","560898","001","","","03/07/2024","20:32:29","PANPHARMA DISTRIBUIDORA DE MEDICAMENTOS LTDA. / 01.206.820/0032-01","Sao Jose de Ribamar","MA","CIRQUEIRA, SILVA E FERREIRA FARMACIA LTDA / 32.737.308/0001-00","Lago da Pedra","MA","03/07/2024","//","Carga em Rota","23"
"SAO LUIZ-MA","560899","001","","","03/07/2024","20:32:32","PANPHARMA DISTRIBUIDORA DE MEDICAMENTOS LTDA. / 01.206.820/0032-01","Sao Jose de Ribamar","MA","L COELHO DE SOUZA COMERCIO / 31.487.551/0001-55","Santa Rita","MA","03/07/2024","//","Carga em Rota","23"
"SAO LUIZ-MA","560900","001","","","03/07/2024","20:32:34","PANPHARMA DISTRIBUIDORA DE MEDICAMENTOS LTDA. / 01.206.820/0032-01","Sao Jose de Ribamar","MA","636210-W DA S NASCIMENTO - ME . / 17.291.284/0001-15","Pio XII","MA","03/07/2024","//","Carga em Rota","13"
"SAO LUIZ-MA","560901","001","","","03/07/2024","20:32:34","PANPHARMA DISTRIBUIDORA DE MEDICAMENTOS LTDA. / 01.206.820/0032-01","Sao Jose de Ribamar","MA","CELLA E CELLA DROGARIAS LTDA / 28.721.514/0007-40","Imperatriz","MA","03/07/2024","//","Carga em Rota","10"
"SAO LUIZ-MA","560902","001","","","03/07/2024","20:32:34","PANPHARMA DISTRIBUIDORA DE MEDICAMENTOS LTDA. / 01.206.820/0032-01","Sao Jose de Ribamar","MA","RH POUPE SERVICOS ADM LTDA / 45.863.086/0001-14","Imperatriz","MA","03/07/2024","//","Carga em Rota","10"
"SAO LUIZ-MA","560903","001","","","03/07/2024","20:32:37","PANPHARMA DISTRIBUIDORA DE MEDICAMENTOS LTDA. / 01.206.820/0032-01","Sao Jose de Ribamar","MA","CELLA E CELLA DROGARIAS LTDA / 28.721.514/0009-02","Imperatriz","MA","03/07/2024","//","Carga em Rota","23"
"SAO LUIZ-MA","560904","001","","","03/07/2024","20:32:43","PANPHARMA DISTRIBUIDORA DE MEDICAMENTOS LTDA. / 01.206.820/0032-01","Sao Jose de Ribamar","MA","R S TAVEIRA DROGARIA EIRELI / 04.780.600/0001-70","Balsas","MA","03/07/2024","//","Carga em Rota","6"
"SAO LUIZ-MA","560905","001","","","03/07/2024","20:32:39","PANPHARMA DISTRIBUIDORA DE MEDICAMENTOS LTDA. / 01.206.820/0032-01","Sao Jose de Ribamar","MA","COMERCIO DE MEDICAMENTOS FENIX LTDA / 32.736.479/0004-68","Bacabal","MA","03/07/2024","//","Carga em Rota","37"
"SAO LUIZ-MA","560906","001","","","03/07/2024","20:32:41","PANPHARMA DISTRIBUIDORA DE MEDICAMENTOS LTDA. / 01.206.820/0032-01","Sao Jose de Ribamar","MA","638668-LAIANNE A DA SILVA . / 22.867.361/0001-72","Santa Luzia do Parua","MA","03/07/2024","//","Carga em Rota","12"
"SAO LUIZ-MA","560907","001","","","03/07/2024","20:32:39","PANPHARMA DISTRIBUIDORA DE MEDICAMENTOS LTDA. / 01.206.820/0032-01","Sao Jose de Ribamar","MA","638163-CELLA THOMAZ DROGARIAS LTDA . / 28.721.514/0003-17","Imperatriz","MA","03/07/2024","//","Carga em Rota","11"
"SAO LUIZ-MA","560908","001","","","03/07/2024","20:32:48","PANPHARMA DISTRIBUIDORA DE MEDICAMENTOS LTDA. / 01.206.820/0032-01","Sao Jose de Ribamar","MA","CELLA THOMAZ DROGARIAS LTDA / 28.721.514/0004-06","Imperatriz","MA","03/07/2024","//","Carga em Rota","14"
"SAO LUIZ-MA","560909","001","","","03/07/2024","20:32:48","PANPHARMA DISTRIBUIDORA DE MEDICAMENTOS LTDA. / 01.206.820/0032-01","Sao Jose de Ribamar","MA","638708-CELLA FERNANDES COMERCIO DE MEDICAM / 32.736.479/0001-15","Bacabal","MA","03/07/2024","//","Carga em Rota","19"
"SAO LUIZ-MA","560910","001","","","03/07/2024","20:32:52","PANPHARMA DISTRIBUIDORA DE MEDICAMENTOS LTDA. / 01.206.820/0032-01","Sao Jose de Ribamar","MA","E. NUNES DE SOUSA / 07.761.652/0001-98","Nova Olinda do Maranhao","MA","03/07/2024","//","Carga em Rota","9"
"SAO LUIZ-MA","560911","001","","","03/07/2024","20:32:54","PANPHARMA DISTRIBUIDORA DE MEDICAMENTOS LTDA. / 01.206.820/0032-01","Sao Jose de Ribamar","MA","638454-CELLA THOMAZ DROGARIAS . / 28.721.514/0002-36","Acailandia","MA","03/07/2024","//","Carga em Rota","14"
"SAO LUIZ-MA","560912","001","","","03/07/2024","20:32:53","PANPHARMA DISTRIBUIDORA DE MEDICAMENTOS LTDA. / 01.206.820/0032-01","Sao Jose de Ribamar","MA","L M MARIANO COM DE MED LTDA / 28.231.279/0001-33","Imperatriz","MA","03/07/2024","//","Carga em Rota","8"
"SAO LUIZ-MA","560913","001","","","03/07/2024","20:32:57","PANPHARMA DISTRIBUIDORA DE MEDICAMENTOS LTDA. / 01.206.820/0032-01","Sao Jose de Ribamar","MA","ENEIAS DA R OLIVEIRA / 33.719.171/0001-24","Santa Quiteria do Maranhao","MA","03/07/2024","//","Carga em Rota","5"
"SAO LUIZ-MA","560914","001","","","03/07/2024","20:32:58","PANPHARMA DISTRIBUIDORA DE MEDICAMENTOS LTDA. / 01.206.820/0032-01","Sao Jose de Ribamar","MA","DROGARIA FARMADEL LTDA / 03.735.142/0003-57","Sao Luis","MA","03/07/2024","//","Carga em Rota","4"
"SAO LUIZ-MA","560915","001","","","03/07/2024","20:32:58","PANPHARMA DISTRIBUIDORA DE MEDICAMENTOS LTDA. / 01.206.820/0032-01","Sao Jose de Ribamar","MA","637096-V DOS S LIMA FONSECA ME / 20.396.294/0001-20","Carolina","MA","03/07/2024","//","Carga em Rota","7"
"SAO LUIZ-MA","560916","001","","","03/07/2024","20:33:05","PANPHARMA DISTRIBUIDORA DE MEDICAMENTOS LTDA. / 01.206.820/0032-01","Sao Jose de Ribamar","MA","F. AFONSO NETO e CIA LTDA / 21.863.891/0006-94","Riachao","MA","03/07/2024","//","Carga em Rota","3"
"SAO LUIZ-MA","560917","001","","","03/07/2024","20:33:05","PANPHARMA DISTRIBUIDORA DE MEDICAMENTOS LTDA. / 01.206.820/0032-01","Sao Jose de Ribamar","MA","A WELITON P BRANDAO ME / 18.851.255/0002-04","Santa Ines","MA","03/07/2024","//","Carga em Rota","6"
"SAO LUIZ-MA","560918","001","","","03/07/2024","20:33:06","PANPHARMA DISTRIBUIDORA DE MEDICAMENTOS LTDA. / 01.206.820/0032-01","Sao Jose de Ribamar","MA","V A NUNES FARMA LTDA ME / 51.081.970/0001-08","Carutapera","MA","03/07/2024","//","Carga em Rota","5"
"SAO LUIZ-MA","560919","001","","","03/07/2024","20:33:05","PANPHARMA DISTRIBUIDORA DE MEDICAMENTOS LTDA. / 01.206.820/0032-01","Sao Jose de Ribamar","MA","A. P. DINIZ SOARES / 36.673.907/0001-69","Pinheiro","MA","03/07/2024","//","Carga em Rota","5"
"SAO LUIZ-MA","560920","001","","","03/07/2024","20:33:11","PANPHARMA DISTRIBUIDORA DE MEDICAMENTOS LTDA. / 01.206.820/0032-01","Sao Jose de Ribamar","MA","637179-L P VAZ ME / 15.434.854/0001-53","Presidente Dutra","MA","03/07/2024","//","Carga em Rota","15"
"SAO LUIZ-MA","560921","001","","","03/07/2024","20:33:13","PANPHARMA DISTRIBUIDORA DE MEDICAMENTOS LTDA. / 01.206.820/0032-01","Sao Jose de Ribamar","MA","CELLA THOMAZ DROGARIAS LTDA / 28.721.514/0005-89","Imperatriz","MA","03/07/2024","//","Carga em Rota","13"
"SAO LUIZ-MA","560922","001","","","03/07/2024","20:33:17","PANPHARMA DISTRIBUIDORA DE MEDICAMENTOS LTDA. / 01.206.820/0032-01","Sao Jose de Ribamar","MA","CELLA E CELLA DROGARIAS LTDA / 28.721.514/0008-21","Amarante do Maranhao","MA","03/07/2024","//","Carga em Rota","16"
"SAO LUIZ-MA","560923","001","","","03/07/2024","20:33:20","PANPHARMA DISTRIBUIDORA DE MEDICAMENTOS LTDA. / 01.206.820/0032-01","Sao Jose de Ribamar","MA","COMERCIO DE MEDICAMENTOS GUIMARAES / 51.663.764/0001-06","Balsas","MA","03/07/2024","//","Carga em Rota","7"
"SAO LUIZ-MA","560924","001","","","03/07/2024","20:33:18","PANPHARMA DISTRIBUIDORA DE MEDICAMENTOS LTDA. / 01.206.820/0032-01","Sao Jose de Ribamar","MA","ACIJ FARMA LTDA / 40.709.876/0001-26","Paulo Ramos","MA","03/07/2024","//","Carga em Rota","3"
"SAO LUIZ-MA","560925","001","","","03/07/2024","20:33:20","PANPHARMA DISTRIBUIDORA DE MEDICAMENTOS LTDA. / 01.206.820/0032-01","Sao Jose de Ribamar","MA","L L VASCONCELOS DE SOUZA EIRELI / 25.208.316/0001-02","Lago da Pedra","MA","03/07/2024","//","Carga em Rota","3"
"SAO LUIZ-MA","560926","001","","","03/07/2024","20:33:24","PANPHARMA DISTRIBUIDORA DE MEDICAMENTOS LTDA. / 01.206.820/0032-01","Sao Jose de Ribamar","MA","R P M PEREIRA FARMACIA / 46.089.840/0001-73","Sao Luis","MA","03/07/2024","//","Carga em Rota","4"
"SAO LUIZ-MA","560927","001","","","03/07/2024","20:33:26","PANPHARMA DISTRIBUIDORA DE MEDICAMENTOS LTDA. / 01.206.820/0032-01","Sao Jose de Ribamar","MA","PAULO HENRIQUE DE SENA COSTA / 15.443.720/0001-07","Sao Jose de Ribamar","MA","03/07/2024","//","Carga em Rota","3"
"SAO LUIZ-MA","560928","001","","","03/07/2024","20:33:24","PANPHARMA DISTRIBUIDORA DE MEDICAMENTOS LTDA. / 01.206.820/0032-01","Sao Jose de Ribamar","MA","638715-J B TAVARES FARMACIA ME / 22.696.709/0001-06","Presidente Dutra","MA","03/07/2024","//","Carga em Rota","4"
"SAO LUIZ-MA","560929","001","","","03/07/2024","20:33:37","PANPHARMA DISTRIBUIDORA DE MEDICAMENTOS LTDA. / 01.206.820/0032-01","Sao Jose de Ribamar","MA","C R CRUZ DA SILVA / 19.917.419/0001-30","Buriti Bravo","MA","03/07/2024","//","Carga em Rota","3"
"SAO LUIZ-MA","560930","001","","17137 / 001","03/07/2024","19:19:20","COBRA ROLAMENTOS E AUTOPECAS S.A. / 58.248.352/0014-65","Imperatriz","MA","A R PESSOA BRITO / 36.618.704/0001-70","Barreirinhas","MA","08/07/2024","//","Carga em Rota","1"
"SAO LUIZ-MA","560931","001","","17137 / 001","03/07/2024","19:19:19","COBRA ROLAMENTOS E AUTOPECAS S.A. / 58.248.352/0014-65","Imperatriz","MA","AM AUTO PECAS E SERVICOS LTDA / 20.840.751/0001-23","Paulino Neves","MA","08/07/2024","//","Carga em Rota","1"
"SAO LUIZ-MA","560932","001","","","03/07/2024","20:33:39","PANPHARMA DISTRIBUIDORA DE MEDICAMENTOS LTDA. / 01.206.820/0032-01","Sao Jose de Ribamar","MA","JAIRON PEREIRA DE SOUZA / 40.145.670/0001-10","Paco do Lumiar","MA","03/07/2024","//","Carga em Rota","8"
"SAO LUIZ-MA","560933","001","","17137 / 001","03/07/2024","19:19:19","COBRA ROLAMENTOS E AUTOPECAS S.A. / 58.248.352/0014-65","Imperatriz","MA","T. C. AUTO CENTER EIRELI / 19.934.808/0001-74","Itapecuru Mirim","MA","08/07/2024","//","Carga em Rota","4"
"SAO LUIZ-MA","560934","001","","17137 / 001","03/07/2024","19:19:24","MEDCENTRO TO DISTRIBUIDORA DE PROD FARMACEUTICOS / 04.857.869/0002-99","Imperatriz","MA","M. DE J. SIMAS COSTA - ME / 07.691.833/0001-95","Sao Luis","MA","04/07/2024","//","Carga em Rota","4"
"SAO LUIZ-MA","560935","001","","","03/07/2024","20:33:39","PANPHARMA DISTRIBUIDORA DE MEDICAMENTOS LTDA. / 01.206.820/0032-01","Sao Jose de Ribamar","MA","F DA SILVA CARDOSO - FARMACIA - ME / 01.652.482/0001-27","Sao Luis","MA","03/07/2024","//","Carga em Rota","4"
"SAO LUIZ-MA","560936","001","","17137 / 001","03/07/2024","19:19:22","MEDCENTRO TO DISTRIBUIDORA DE PROD FARMACEUTICOS / 04.857.869/0002-99","Imperatriz","MA","JOCIVALDA GOMES DA SILVA / 38.230.016/0001-63","Sao Luis","MA","04/07/2024","//","Carga em Rota","4"
"SAO LUIZ-MA","560937","001","","17137 / 001","03/07/2024","19:19:22","MEDCENTRO TO DISTRIBUIDORA DE PROD FARMACEUTICOS / 04.857.869/0002-99","Imperatriz","MA","ALVES E MARVAO LTDA / 42.422.827/0002-14","Arari","MA","04/07/2024","//","Carga em Rota","4"
"SAO LUIZ-MA","560938","001","","","03/07/2024","20:33:43","PANPHARMA DISTRIBUIDORA DE MEDICAMENTOS LTDA. / 01.206.820/0032-01","Sao Jose de Ribamar","MA","CARLOS M DOS S COSTA LTDA / 45.582.413/0001-60","Codo","MA","03/07/2024","//","Carga em Rota","3"
"SAO LUIZ-MA","560939","001","","","03/07/2024","20:33:44","PANPHARMA DISTRIBUIDORA DE MEDICAMENTOS LTDA. / 01.206.820/0032-01","Sao Jose de Ribamar","MA","RAIA DROGASIL SA / 61.585.865/2871-83","Santa Ines","MA","03/07/2024","//","Carga em Rota","4"
"SAO LUIZ-MA","560940","001","","","03/07/2024","20:33:44","PANPHARMA DISTRIBUIDORA DE MEDICAMENTOS LTDA. / 01.206.820/0032-01","Sao Jose de Ribamar","MA","CAROLINE SAMPAIO DUARTE / 23.193.326/0001-88","Caxias","MA","03/07/2024","//","Carga em Rota","2"
"SAO LUIZ-MA","560941","001","","","03/07/2024","20:33:45","PANPHARMA DISTRIBUIDORA DE MEDICAMENTOS LTDA. / 01.206.820/0032-01","Sao Jose de Ribamar","MA","RAIA DROGASIL SA / 61.585.865/1790-20","Sao Luis","MA","03/07/2024","//","Carga em Rota","6"
"SAO LUIZ-MA","560942","001","","","03/07/2024","20:33:47","PANPHARMA DISTRIBUIDORA DE MEDICAMENTOS LTDA. / 01.206.820/0032-01","Sao Jose de Ribamar","MA","HESTHER IIMORI GASPAR / 33.766.096/0001-52","Sao Luis","MA","03/07/2024","//","Carga em Rota","4"
"SAO LUIZ-MA","560943","001","","","03/07/2024","20:33:52","PANPHARMA DISTRIBUIDORA DE MEDICAMENTOS LTDA. / 01.206.820/0032-01","Sao Jose de Ribamar","MA","Z MENDES FILHO / 01.292.559/0001-03","Santa Quiteria do Maranhao","MA","03/07/2024","//","Carga em Rota","2"
"SAO LUIZ-MA","560944","001","","","03/07/2024","20:33:55","PANPHARMA DISTRIBUIDORA DE MEDICAMENTOS LTDA. / 01.206.820/0032-01","Sao Jose de Ribamar","MA","FERREIRA CIRQUEIRA & SILVA FARMACIA LTDA / 40.570.669/0001-33","Barra do Corda","MA","03/07/2024","//","Carga em Rota","4"
"SAO LUIZ-MA","560945","001","","","03/07/2024","20:33:56","PANPHARMA DISTRIBUIDORA DE MEDICAMENTOS LTDA. / 01.206.820/0032-01","Sao Jose de Ribamar","MA","MARIA A SOUSA ANCHIETA / 41.768.597/0001-04","Arame","MA","03/07/2024","//","Carga em Rota","2"
"SAO LUIZ-MA","560946","001","","","03/07/2024","20:33:56","PANPHARMA DISTRIBUIDORA DE MEDICAMENTOS LTDA. / 01.206.820/0032-01","Sao Jose de Ribamar","MA","L M CELLA DROGARIAS LTDA / 32.584.694/0003-00","Balsas","MA","03/07/2024","//","Carga em Rota","5"
"SAO LUIZ-MA","560947","001","","","03/07/2024","20:34:00","PANPHARMA DISTRIBUIDORA DE MEDICAMENTOS LTDA. / 01.206.820/0032-01","Sao Jose de Ribamar","MA","HBL FARMACIA E DROGARIA LTDA / 51.538.564/0001-13","Santa Luzia do Parua","MA","03/07/2024","//","Carga em Rota","6"
"SAO LUIZ-MA","560948","001","","","03/07/2024","20:34:00","PANPHARMA DISTRIBUIDORA DE MEDICAMENTOS LTDA. / 01.206.820/0032-01","Sao Jose de Ribamar","MA","F AFONSO NETO LTDA / 21.863.891/0009-37","Balsas","MA","03/07/2024","//","Carga em Rota","5"
"SAO LUIZ-MA","560949","001","","","03/07/2024","20:34:00","PANPHARMA DISTRIBUIDORA DE MEDICAMENTOS LTDA. / 01.206.820/0032-01","Sao Jose de Ribamar","MA","RAIA DROGASIL S A / 61.585.865/0379-00","Timon","MA","03/07/2024","//","Carga em Rota","4"
"SAO LUIZ-MA","560950","001","","","03/07/2024","20:34:07","PANPHARMA DISTRIBUIDORA DE MEDICAMENTOS LTDA. / 01.206.820/0032-01","Sao Jose de Ribamar","MA","637205-F C BRANDAO ME . / 10.862.380/0001-27","Conceicao do Lago-Acu","MA","03/07/2024","//","Carga em Rota","28"
"SAO LUIZ-MA","560951","001","","","03/07/2024","20:34:12","PANPHARMA DISTRIBUIDORA DE MEDICAMENTOS LTDA. / 01.206.820/0032-01","Sao Jose de Ribamar","MA","R. SOARES / 24.715.862/0001-69","Cururupu","MA","03/07/2024","//","Carga em Rota","2"
"SAO LUIZ-MA","560952","001","","","03/07/2024","20:34:14","PANPHARMA DISTRIBUIDORA DE MEDICAMENTOS LTDA. / 01.206.820/0032-01","Sao Jose de Ribamar","MA","CARVALHO E MIRANDA LTDA / 11.222.778/0001-61","Amarante do Maranhao","MA","03/07/2024","//","Carga em Rota","3"
"SAO LUIZ-MA","560953","001","","","03/07/2024","20:34:14","PANPHARMA DISTRIBUIDORA DE MEDICAMENTOS LTDA. / 01.206.820/0032-01","Sao Jose de Ribamar","MA","RAIA DROGASIL SA / 61.585.865/2451-89","Sao Luis","MA","03/07/2024","//","Carga em Rota","7"
"SAO LUIZ-MA","560954","001","","","03/07/2024","20:34:17","PANPHARMA DISTRIBUIDORA DE MEDICAMENTOS LTDA. / 01.206.820/0032-01","Sao Jose de Ribamar","MA","DROGARIA SANTOS COSTA LTDA (226) / 10.635.565/0001-07","Pastos Bons","MA","03/07/2024","//","Carga em Rota","5"
"SAO LUIZ-MA","560955","001","","","03/07/2024","20:34:18","PANPHARMA DISTRIBUIDORA DE MEDICAMENTOS LTDA. / 01.206.820/0032-01","Sao Jose de Ribamar","MA","RAIA DROGASIL SA / 61.585.865/2739-80","Caxias","MA","03/07/2024","//","Carga em Rota","4"
"SAO LUIZ-MA","560956","001","","17138 / 001","03/07/2024","20:40:11","EMMARKA-MA DISTRIBUIDORA DE MEDICAMENTOS LTDA / 12.046.118/0001-30","Sao Luis","MA","FRANCISCO P. DA SILVA / 05.759.550/0001-02","Santa Luzia","MA","08/07/2024","//","Carga em Rota","3"
"SAO LUIZ-MA","560957","001","","","03/07/2024","20:34:18","PANPHARMA DISTRIBUIDORA DE MEDICAMENTOS LTDA. / 01.206.820/0032-01","Sao Jose de Ribamar","MA","RAIA DROGASIL SA / 61.585.865/2942-01","Sao Luis","MA","03/07/2024","//","Carga em Rota","4"
"SAO LUIZ-MA","560958","001","","17138 / 001","03/07/2024","20:40:14","EMMARKA-MA DISTRIBUIDORA DE MEDICAMENTOS LTDA / 12.046.118/0001-30","Sao Luis","MA","EMPREENDIMENTOS FARMACEUTICOS GLOBO LTDA / 63.503.007/0201-71","Colinas","MA","08/07/2024","//","Carga em Rota","1"
"SAO LUIZ-MA","560959","001","","","03/07/2024","20:34:20","PANPHARMA DISTRIBUIDORA DE MEDICAMENTOS LTDA. / 01.206.820/0032-01","Sao Jose de Ribamar","MA","P. S. LIMA FERNANDES / 10.713.908/0001-04","Vitoria do Mearim","MA","03/07/2024","//","Carga em Rota","5"
"SAO LUIZ-MA","560960","001","","","03/07/2024","20:34:20","PANPHARMA DISTRIBUIDORA DE MEDICAMENTOS LTDA. / 01.206.820/0032-01","Sao Jose de Ribamar","MA","MIGUEL P DINIZ FILHO / 69.417.996/0001-31","Pastos Bons","MA","03/07/2024","//","Carga em Rota","18"
"SAO LUIZ-MA","560961","001","","17138 / 001","03/07/2024","20:40:16","EMMARKA-MA DISTRIBUIDORA DE MEDICAMENTOS LTDA / 12.046.118/0001-30","Sao Luis","MA","EMPREENDIMENTOS FARMACEUTICOS GLOBO LTDA / 63.503.007/0017-03","Imperatriz","MA","08/07/2024","//","Carga em Rota","1"
"SAO LUIZ-MA","560962","001","","","03/07/2024","20:34:25","PANPHARMA DISTRIBUIDORA DE MEDICAMENTOS LTDA. / 01.206.820/0032-01","Sao Jose de Ribamar","MA","SANTOS e DIAS LTDA / 45.349.492/0001-63","Lago da Pedra","MA","03/07/2024","//","Carga em Rota","2"
"SAO LUIZ-MA","560963","001","","","03/07/2024","20:34:25","PANPHARMA DISTRIBUIDORA DE MEDICAMENTOS LTDA. / 01.206.820/0032-01","Sao Jose de Ribamar","MA","639319-HIPER FARMA LTDA DROGARIA ULTRA POPULAR / 29.474.162/0015-49","Sao Luis","MA","03/07/2024","//","Carga em Rota","4"
"SAO LUIZ-MA","560964","001","","","03/07/2024","20:34:30","PANPHARMA DISTRIBUIDORA DE MEDICAMENTOS LTDA. / 01.206.820/0032-01","Sao Jose de Ribamar","MA","PACHECO E PEREIRA FARMA LTDA / 49.950.327/0001-13","Governador Nunes Freire","MA","03/07/2024","//","Carga em Rota","5"
"SAO LUIZ-MA","560965","001","","","03/07/2024","20:34:30","PANPHARMA DISTRIBUIDORA DE MEDICAMENTOS LTDA. / 01.206.820/0032-01","Sao Jose de Ribamar","MA","638489-FARMACIAS OMEGA I LTDA . / 31.499.324/0001-40","Porto Franco","MA","03/07/2024","//","Carga em Rota","5"
"SAO LUIZ-MA","560966","001","","","03/07/2024","20:34:32","PANPHARMA DISTRIBUIDORA DE MEDICAMENTOS LTDA. / 01.206.820/0032-01","Sao Jose de Ribamar","MA","K N DO ESPIRITO SANTO BRITO / 31.402.331/0001-81","Olho D Agua das Cunhas","MA","03/07/2024","//","Carga em Rota","5"
"SAO LUIZ-MA","560967","001","","","03/07/2024","20:34:48","PANPHARMA DISTRIBUIDORA DE MEDICAMENTOS LTDA. / 01.206.820/0032-01","Sao Jose de Ribamar","MA","L DE F FONSECA / 32.535.823/0001-08","Riachao","MA","03/07/2024","//","Carga em Rota","3"
"SAO LUIZ-MA","560968","001","","","03/07/2024","20:34:50","PANPHARMA DISTRIBUIDORA DE MEDICAMENTOS LTDA. / 01.206.820/0032-01","Sao Jose de Ribamar","MA","DANILO RODRIGUES SANTOS / 20.115.727/0001-21","Paulino Neves","MA","03/07/2024","//","Carga em Rota","4"
"SAO LUIZ-MA","560969","001","","17138 / 001","03/07/2024","20:40:16","EMMARKA-MA DISTRIBUIDORA DE MEDICAMENTOS LTDA / 12.046.118/0001-30","Sao Luis","MA","EMPREENDIMENTOS FARMACEUTICOS GLOBO LDTA / 63.503.007/0215-77","Timon","MA","08/07/2024","//","Carga em Rota","1"
"SAO LUIZ-MA","560970","001","","","03/07/2024","20:34:50","PANPHARMA DISTRIBUIDORA DE MEDICAMENTOS LTDA. / 01.206.820/0032-01","Sao Jose de Ribamar","MA","L M CELLA DROGARIAS LTDA / 32.584.694/0001-48","Balsas","MA","03/07/2024","//","Carga em Rota","3"
"SAO LUIZ-MA","560971","001","","17139 / 001","03/07/2024","20:40:17","EMMARKA-MA DISTRIBUIDORA DE MEDICAMENTOS LTDA / 12.046.118/0001-30","Sao Luis","MA","EMPREENDIMENTOS FARMACEUTICOS GLOBO LTDA / 63.503.007/0168-16","Pinheiro","MA","08/07/2024","//","Carga em Rota","1"
"SAO LUIZ-MA","560972","001","","","03/07/2024","20:34:53","PANPHARMA DISTRIBUIDORA DE MEDICAMENTOS LTDA. / 01.206.820/0032-01","Sao Jose de Ribamar","MA","EXTRA POPULAR LTDA / 52.258.875/0001-91","Imperatriz","MA","03/07/2024","//","Carga em Rota","3"
"SAO LUIZ-MA","560973","001","","17138 / 001","03/07/2024","20:40:17","EMMARKA-MA DISTRIBUIDORA DE MEDICAMENTOS LTDA / 12.046.118/0001-30","Sao Luis","MA","EMPREENDIMENTOS FARMACEUTICOS GLOBO LTDA / 63.503.007/0209-29","Caxias","MA","08/07/2024","//","Carga em Rota","1"
"SAO LUIZ-MA","560974","001","","","03/07/2024","20:34:56","PANPHARMA DISTRIBUIDORA DE MEDICAMENTOS LTDA. / 01.206.820/0032-01","Sao Jose de Ribamar","MA","L M CELLA DROGARIAS LTDA / 32.584.694/0002-29","Balsas","MA","03/07/2024","//","Carga em Rota","6"
"SAO LUIZ-MA","560975","001","","","03/07/2024","20:34:55","PANPHARMA DISTRIBUIDORA DE MEDICAMENTOS LTDA. / 01.206.820/0032-01","Sao Jose de Ribamar","MA","HIPER FARMA LTD / 29.474.162/0047-26","Itapecuru Mirim","MA","03/07/2024","//","Carga em Rota","4"
"SAO LUIZ-MA","560976","001","","17138 / 001","03/07/2024","20:40:17","EMMARKA-MA DISTRIBUIDORA DE MEDICAMENTOS LTDA / 12.046.118/0001-30","Sao Luis","MA","EMPREENDIMENTOS FARMACEUTICOS GLOBO LTDA / 63.503.007/0018-94","Timon","MA","08/07/2024","//","Carga em Rota","1"
"SAO LUIZ-MA","560977","001","","","03/07/2024","20:34:59","PANPHARMA DISTRIBUIDORA DE MEDICAMENTOS LTDA. / 01.206.820/0032-01","Sao Jose de Ribamar","MA","FARMACIA DO TRABALHADOR RURAL EIRELI-ME / 13.057.338/0001-21","Morros","MA","03/07/2024","//","Carga em Rota","1"
"SAO LUIZ-MA","560978","001","","","03/07/2024","20:34:59","PANPHARMA DISTRIBUIDORA DE MEDICAMENTOS LTDA. / 01.206.820/0032-01","Sao Jose de Ribamar","MA","SUPREMAFARMA SUCUPIRA DO NORTE LTDA-ME / 45.142.430/0001-86","Sucupira do Norte","MA","03/07/2024","//","Carga em Rota","2"
"SAO LUIZ-MA","560979","001","","17138 / 001","03/07/2024","20:40:24","EMMARKA-MA DISTRIBUIDORA DE MEDICAMENTOS LTDA / 12.046.118/0001-30","Sao Luis","MA","EMPREENDIMENTOS FARMACEUTICOS GLOBO LTDA / 63.503.007/0033-23","Pedreiras","MA","08/07/2024","//","Carga em Rota","1"
"SAO LUIZ-MA","560980","001","","17137 / 001","03/07/2024","19:56:32","DISTRIBUIDORA RIO PARNAIBA MEDICAMENTOS / 25.407.188/0001-18","Imperatriz","MA","DROGARIA MARINHO E COUTINHO LTDA / 48.096.669/0001-55","Pio XII","MA","05/07/2024","//","Carga em Rota","3"
"SAO LUIZ-MA","560981","001","","","03/07/2024","20:35:00","PANPHARMA DISTRIBUIDORA DE MEDICAMENTOS LTDA. / 01.206.820/0032-01","Sao Jose de Ribamar","MA","L M CELLA DROGARIAS LTDA / 32.584.694/0004-90","Estreito","MA","03/07/2024","//","Carga em Rota","6"
"SAO LUIZ-MA","560982","001","","17137 / 001","03/07/2024","19:56:29","DISTRIBUIDORA RIO PARNAIBA MEDICAMENTOS / 25.407.188/0001-18","Imperatriz","MA","A S VERAS / 20.444.164/0001-15","Pindare-Mirim","MA","05/07/2024","//","Carga em Rota","5"
"SAO LUIZ-MA","560983","001","","17138 / 001","03/07/2024","20:40:26","EMMARKA-MA DISTRIBUIDORA DE MEDICAMENTOS LTDA / 12.046.118/0001-30","Sao Luis","MA","636664-NOVA FARMA MENOR PRECO LTDA . / 06.052.243/0001-50","Viana","MA","08/07/2024","//","Carga em Rota","1"
"SAO LUIZ-MA","560984","001","","17137 / 001","03/07/2024","19:56:30","DISTRIBUIDORA RIO PARNAIBA MEDICAMENTOS / 25.407.188/0001-18","Imperatriz","MA","UNIMAR SILVA DE SOUZA / 23.977.160/0001-90","Alto Alegre do Pindare","MA","05/07/2024","//","Carga em Rota","2"
"SAO LUIZ-MA","560985","001","","","03/07/2024","20:35:03","PANPHARMA DISTRIBUIDORA DE MEDICAMENTOS LTDA. / 01.206.820/0032-01","Sao Jose de Ribamar","MA","DROGALU LTDA / 45.759.948/0001-63","Imperatriz","MA","03/07/2024","//","Carga em Rota","1"
"SAO LUIZ-MA","560986","001","","17137 / 001","03/07/2024","19:56:30","DISTRIBUIDORA RIO PARNAIBA MEDICAMENTOS / 25.407.188/0001-18","Imperatriz","MA","FARMACIA ECONOMICA DO TRABALHADOR LTDA / 52.991.961/0001-09","Sao Luis","MA","05/07/2024","//","Carga em Rota","3"
"SAO LUIZ-MA","560987","001","","17137 / 001","03/07/2024","19:56:35","DISTRIBUIDORA RIO PARNAIBA MEDICAMENTOS / 25.407.188/0001-18","Imperatriz","MA","637137-P W PASSOS DOS SANTOS ME / 19.896.181/0001-04","Anajatuba","MA","05/07/2024","//","Carga em Rota","2"
"SAO LUIZ-MA","560988","001","","","03/07/2024","20:35:05","PANPHARMA DISTRIBUIDORA DE MEDICAMENTOS LTDA. / 01.206.820/0032-01","Sao Jose de Ribamar","MA","638081-FARMACIA SAO JOAO MIGUEL LTDA . / 10.254.076/0001-05","Fortuna","MA","03/07/2024","//","Carga em Rota","2"
"SAO LUIZ-MA","560989","001","","85790 / U","03/07/2024","20:40:25","EMMARKA-MA DISTRIBUIDORA DE MEDICAMENTOS LTDA / 12.046.118/0001-30","Sao Luis","MA","L COELHO DE SOUZA COMERCIO / 31.487.551/0001-55","Santa Rita","MA","08/07/2024","//","Carga em Rota","1"
"SAO LUIZ-MA","560990","001","","17137 / 001","03/07/2024","19:56:30","ITAFARMA COMERCIO E REPRESENTACOES LTDA / 06.330.292/0001-07","Imperatriz","MA","WR FARMA LTDA / 27.241.847/0005-48","Sao Vicente Ferrer","MA","08/07/2024","//","Carga em Rota","13"
"SAO LUIZ-MA","560991","001","","","03/07/2024","20:35:07","PANPHARMA DISTRIBUIDORA DE MEDICAMENTOS LTDA. / 01.206.820/0032-01","Sao Jose de Ribamar","MA","J. FERNANDES FONSECA NETO / 11.689.170/0001-41","Tuntum","MA","03/07/2024","//","Carga em Rota","2"
"SAO LUIZ-MA","560992","001","","17137 / 001","03/07/2024","19:56:31","ITAFARMA COMERCIO E REPRESENTACOES LTDA / 06.330.292/0001-07","Imperatriz","MA","C L NASCIMENTO / 08.749.351/0001-01","Presidente Sarney","MA","08/07/2024","//","Carga em Rota","2"
"SAO LUIZ-MA","560993","001","","17138 / 001","03/07/2024","20:40:26","EMMARKA-MA DISTRIBUIDORA DE MEDICAMENTOS LTDA / 12.046.118/0001-30","Sao Luis","MA","M L COMERCIO DE MEDICAMENTOS LTDA / 51.497.601/0001-92","Imperatriz","MA","08/07/2024","//","Carga em Rota","1"
"SAO LUIZ-MA","560994","001","","","03/07/2024","20:35:07","PANPHARMA DISTRIBUIDORA DE MEDICAMENTOS LTDA. / 01.206.820/0032-01","Sao Jose de Ribamar","MA","PASSARINHO & FONTELES DROGARIA LTDA / 10.393.967/0001-34","Sao Raimundo das Mangabeiras","MA","03/07/2024","//","Carga em Rota","2"
"SAO LUIZ-MA","560995","001","","17137 / 001","03/07/2024","19:56:30","ITAFARMA COMERCIO E REPRESENTACOES LTDA / 06.330.292/0001-07","Imperatriz","MA","C L NASCIMENTO / 08.749.351/0001-01","Presidente Sarney","MA","08/07/2024","//","Carga em Rota","6"
"SAO LUIZ-MA","560996","001","","17137 / 001","03/07/2024","19:56:34","ITAFARMA COMERCIO E REPRESENTACOES LTDA / 06.330.292/0001-07","Imperatriz","MA","HIPER FARMA LTDA / 29.474.162/0046-45","Pinheiro","MA","08/07/2024","//","Carga em Rota","1"
"SAO LUIZ-MA","560997","001","","17138 / 001","03/07/2024","20:40:28","EMMARKA-MA DISTRIBUIDORA DE MEDICAMENTOS LTDA / 12.046.118/0001-30","Sao Luis","MA","M A DA SILVA COELHO / 13.188.419/0001-60","Santa Luzia","MA","08/07/2024","//","Carga em Rota","1"
"SAO LUIZ-MA","560998","001","","","03/07/2024","20:35:13","PANPHARMA DISTRIBUIDORA DE MEDICAMENTOS LTDA. / 01.206.820/0032-01","Sao Jose de Ribamar","MA","L. A. IBIAPINA / 12.409.858/0001-93","Esperantinopolis","MA","03/07/2024","//","Carga em Rota","2"
"SAO LUIZ-MA","560999","001","","17137 / 001","03/07/2024","19:56:31","ITAFARMA COMERCIO E REPRESENTACOES LTDA / 06.330.292/0001-07","Imperatriz","MA","DROGARIA VITAL SAUDE LTDA / 49.635.981/0001-32","Urbano Santos","MA","08/07/2024","//","Carga em Rota","6"
"SAO LUIZ-MA","561000","001","","17137 / 001","03/07/2024","19:56:31","ITAFARMA COMERCIO E REPRESENTACOES LTDA / 06.330.292/0001-07","Imperatriz","MA","HIPER FARMA LTD / 29.474.162/0047-26","Itapecuru Mirim","MA","08/07/2024","//","Carga em Rota","1"
"SAO LUIZ-MA","561001","001","","","03/07/2024","20:35:15","PANPHARMA DISTRIBUIDORA DE MEDICAMENTOS LTDA. / 01.206.820/0032-01","Sao Jose de Ribamar","MA","MED FARMA LTDA / 23.895.631/0001-11","Humberto de Campos","MA","03/07/2024","//","Carga em Rota","4"
"SAO LUIZ-MA","561002","001","","17138 / 001","03/07/2024","20:40:53","EMMARKA-MA DISTRIBUIDORA DE MEDICAMENTOS LTDA / 12.046.118/0001-30","Sao Luis","MA","DROGARIAS HIPER SAUDE LTDA / 45.239.883/0001-25","Imperatriz","MA","08/07/2024","//","Carga em Rota","1"
"SAO LUIZ-MA","561003","001","","17137 / 001","03/07/2024","19:56:32","ITAFARMA COMERCIO E REPRESENTACOES LTDA / 06.330.292/0001-07","Imperatriz","MA","TELES E OLIVEIRA LTDA / 49.625.624/0002-74","Penalva","MA","08/07/2024","//","Carga em Rota","2"
"SAO LUIZ-MA","561004","001","","","03/07/2024","20:35:16","PANPHARMA DISTRIBUIDORA DE MEDICAMENTOS LTDA. / 01.206.820/0032-01","Sao Jose de Ribamar","MA","L M DE PAIVA LTDA / 52.751.417/0001-90","Timbiras","MA","03/07/2024","//","Carga em Rota","1"
"SAO LUIZ-MA","561005","001","","17137 / 001","03/07/2024","19:56:33","ITAFARMA COMERCIO E REPRESENTACOES LTDA / 06.330.292/0001-07","Imperatriz","MA","HIPER FARMA LTDA / 29.474.162/0064-27","Chapadinha","MA","08/07/2024","//","Carga em Rota","1"
"SAO LUIZ-MA","561006","001","","17138 / 001","03/07/2024","20:40:53","EMMARKA-MA DISTRIBUIDORA DE MEDICAMENTOS LTDA / 12.046.118/0001-30","Sao Luis","MA","EMPREENDIMENTOS FARMACEUTICOS GLOBO / 63.503.007/0184-36","Imperatriz","MA","08/07/2024","//","Carga em Rota","1"
"SAO LUIZ-MA","561007","001","","","03/07/2024","20:35:18","PANPHARMA DISTRIBUIDORA DE MEDICAMENTOS LTDA. / 01.206.820/0032-01","Sao Jose de Ribamar","MA","637148-WILZA SOARES DA C SOUSA COMERCIO ME / 24.302.049/0001-67","Paco do Lumiar","MA","03/07/2024","//","Carga em Rota","2"
"SAO LUIZ-MA","561008","001","","17137 / 001","03/07/2024","19:56:32","ITAFARMA COMERCIO E REPRESENTACOES LTDA / 06.330.292/0001-07","Imperatriz","MA","J. OLIVEIRA NETTO / 40.980.623/0001-92","Chapadinha","MA","08/07/2024","//","Carga em Rota","4"
"SAO LUIZ-MA","561009","001","","17137 / 001","03/07/2024","19:56:31","ITAFARMA COMERCIO E REPRESENTACOES LTDA / 06.330.292/0001-07","Imperatriz","MA","Y VIANA ROCHA / 32.776.223/0001-31","Santa Quiteria do Maranhao","MA","08/07/2024","//","Carga em Rota","2"
"SAO LUIZ-MA","561010","001","","","03/07/2024","20:35:18","PANPHARMA DISTRIBUIDORA DE MEDICAMENTOS LTDA. / 01.206.820/0032-01","Sao Jose de Ribamar","MA","M C DE OLIVEIRA TORRES / 09.069.136/0001-22","Santa Rita","MA","03/07/2024","//","Carga em Rota","5"
"SAO LUIZ-MA","561011","001","","17138 / 001","03/07/2024","20:40:53","EMMARKA-MA DISTRIBUIDORA DE MEDICAMENTOS LTDA / 12.046.118/0001-30","Sao Luis","MA","W DE L SOUSA COMERCIO LTDA ME / 54.417.543/0001-38","Santa Luzia","MA","08/07/2024","//","Carga em Rota","1"
"SAO LUIZ-MA","561012","001","","17137 / 001","03/07/2024","19:56:32","ITAFARMA COMERCIO E REPRESENTACOES LTDA / 06.330.292/0001-07","Imperatriz","MA","M G SA AZEVEDO / 50.012.006/0001-57","Pinheiro","MA","08/07/2024","//","Carga em Rota","5"
"SAO LUIZ-MA","561013","001","","","03/07/2024","20:35:20","PANPHARMA DISTRIBUIDORA DE MEDICAMENTOS LTDA. / 01.206.820/0032-01","Sao Jose de Ribamar","MA","35086-D P DA S PINTO - COMERCIO - ME . / 10.398.371/0001-27","Carolina","MA","03/07/2024","//","Carga em Rota","2"
"SAO LUIZ-MA","561014","001","","17137 / 001","03/07/2024","19:56:36","INVICTA PRODUTOS FARMACEUTICOS LTDA / 03.520.924/0001-07","Imperatriz","MA","POPULAR FARMA LTDA / 40.170.571/0001-99","Dom Eliseu","PA","05/07/2024","//","Carga em Rota","4"
"SAO LUIZ-MA","561015","001","","17138 / 001","03/07/2024","20:40:53","EMMARKA-MA DISTRIBUIDORA DE MEDICAMENTOS LTDA / 12.046.118/0001-30","Sao Luis","MA","EMPREENDIMENTOS FARMACEUITICOS / 63.503.007/0202-52","Presidente Dutra","MA","08/07/2024","//","Carga em Rota","1"
"SAO LUIZ-MA","561016","001","","","03/07/2024","20:35:25","PANPHARMA DISTRIBUIDORA DE MEDICAMENTOS LTDA. / 01.206.820/0032-01","Sao Jose de Ribamar","MA","HIPER FARMA LTDA / 29.474.162/0057-06","Viana","MA","03/07/2024","//","Carga em Rota","4"
"SAO LUIZ-MA","561017","001","","","03/07/2024","20:35:25","PANPHARMA DISTRIBUIDORA DE MEDICAMENTOS LTDA. / 01.206.820/0032-01","Sao Jose de Ribamar","MA","A G H RODRIGUES / 34.166.557/0001-19","Sao Joao do Paraiso","MA","03/07/2024","//","Carga em Rota","1"
"SAO LUIZ-MA","561018","001","","17138 / 001","03/07/2024","20:40:56","EMMARKA-MA DISTRIBUIDORA DE MEDICAMENTOS LTDA / 12.046.118/0001-30","Sao Luis","MA","EMPREENDIMENTOS FARMACEUTICOS GLOBO LTDA-DEMAIS / 63.503.007/0199-12","Santa Ines","MA","08/07/2024","//","Carga em Rota","1"
"SAO LUIZ-MA","561019","001","","17137 / 001","03/07/2024","19:56:34","CENTROFARMA DISTRIBUIDORA FARMACEUTICA LTDA - ME / 09.523.254/0003-20","Imperatriz","MA","A S VERAS / 20.444.164/0001-15","Pindare-Mirim","MA","08/07/2024","//","Carga em Rota","1"
"SAO LUIZ-MA","561020","001","","17137 / 001","03/07/2024","19:56:32","CENTROFARMA DISTRIBUIDORA FARMACEUTICA LTDA - ME / 09.523.254/0003-20","Imperatriz","MA","M DA C DA SILVA MONTELES / 34.780.811/0001-74","Urbano Santos","MA","08/07/2024","//","Carga em Rota","1"
"SAO LUIZ-MA","561021","001","","","03/07/2024","20:35:29","PANPHARMA DISTRIBUIDORA DE MEDICAMENTOS LTDA. / 01.206.820/0032-01","Sao Jose de Ribamar","MA","M. DO C. A. DA PAZ MEDICAMENTOS / 43.739.223/0001-88","Santo Amaro do Maranhao","MA","03/07/2024","//","Carga em Rota","3"
"SAO LUIZ-MA","561022","001","","17138 / 001","03/07/2024","20:40:54","EMMARKA-MA DISTRIBUIDORA DE MEDICAMENTOS LTDA / 12.046.118/0001-30","Sao Luis","MA","EMPREENDIMENTOS FARMACEUTICOS GLOBO LTDA / 63.503.007/0019-75","Santa Ines","MA","08/07/2024","//","Carga em Rota","1"
"SAO LUIZ-MA","561023","001","","17137 / 001","03/07/2024","19:56:33","CENTROFARMA DISTRIBUIDORA FARMACEUTICA LTDA - ME / 09.523.254/0003-20","Imperatriz","MA","DROGARIA POPULAR AV TIBIRI LTDA-ME / 47.681.160/0001-07","Sao Luis","MA","08/07/2024","//","Carga em Rota","1"
"SAO LUIZ-MA","561024","001","","","03/07/2024","20:35:34","PANPHARMA DISTRIBUIDORA DE MEDICAMENTOS LTDA. / 01.206.820/0032-01","Sao Jose de Ribamar","MA","T.V.DA SILVA / 34.348.372/0001-25","Sao Jose de Ribamar","MA","03/07/2024","//","Carga em Rota","2"
"SAO LUIZ-MA","561025","001","","17137 / 001","03/07/2024","19:56:33","CENTROFARMA DISTRIBUIDORA FARMACEUTICA LTDA - ME / 09.523.254/0003-20","Imperatriz","MA","FARMACIA LUZ E VIDA LTDA / 03.504.952/0001-30","Sao Luis","MA","08/07/2024","//","Carga em Rota","2"
"SAO LUIZ-MA","561026","001","","","03/07/2024","20:35:42","PANPHARMA DISTRIBUIDORA DE MEDICAMENTOS LTDA. / 01.206.820/0032-01","Sao Jose de Ribamar","MA","S C MAGALHAES FARMACIA LTDA / 45.168.462/0001-50","Paco do Lumiar","MA","03/07/2024","//","Carga em Rota","1"
"SAO LUIZ-MA","561027","001","","17138 / 001","03/07/2024","20:40:54","EMMARKA-MA DISTRIBUIDORA DE MEDICAMENTOS LTDA / 12.046.118/0001-30","Sao Luis","MA","EMPREENDIMENTOS FARMACEUTICOS GLOBO LTDA / 63.503.007/0025-13","Bacabal","MA","08/07/2024","//","Carga em Rota","1"
"SAO LUIZ-MA","561028","001","","17137 / 001","03/07/2024","19:56:33","CENTROFARMA DISTRIBUIDORA FARMACEUTICA LTDA - ME / 09.523.254/0003-20","Imperatriz","MA","ROCHA E SOUSA LIMA LTDA / 24.758.276/0001-00","Bom Jardim","MA","08/07/2024","//","Carga em Rota","1"
"SAO LUIZ-MA","561029","001","","","03/07/2024","20:36:04","PANPHARMA DISTRIBUIDORA DE MEDICAMENTOS LTDA. / 01.206.820/0032-01","Sao Jose de Ribamar","MA","T. M. LEITE / 10.584.040/0001-81","Barra do Corda","MA","03/07/2024","//","Carga em Rota","2"
"SAO LUIZ-MA","561030","001","","17137 / 001","03/07/2024","19:56:34","CENTROFARMA DISTRIBUIDORA FARMACEUTICA LTDA - ME / 09.523.254/0003-20","Imperatriz","MA","G P ARAGAO DROGARIA / 21.655.756/0001-49","Sao Luis","MA","08/07/2024","//","Carga em Rota","3"
"SAO LUIZ-MA","561031","001","","17137 / 001","03/07/2024","19:56:37","CENTROFARMA DISTRIBUIDORA FARMACEUTICA LTDA - ME / 09.523.254/0003-20","Imperatriz","MA","27746-R DA S FERREIRA DROGARIA ME / 03.242.614/0001-78","Sao Luis","MA","08/07/2024","//","Carga em Rota","3"
"SAO LUIZ-MA","561032","001","","","03/07/2024","20:36:04","PANPHARMA DISTRIBUIDORA DE MEDICAMENTOS LTDA. / 01.206.820/0032-01","Sao Jose de Ribamar","MA","J. B. GARRETO MEDICAMENTOS LTDA - ME / 03.564.328/0001-29","Mata Roma","MA","03/07/2024","//","Carga em Rota","2"
"SAO LUIZ-MA","561033","001","","17138 / 001","03/07/2024","20:40:56","EMMARKA-MA DISTRIBUIDORA DE MEDICAMENTOS LTDA / 12.046.118/0001-30","Sao Luis","MA","EMPREENDIMENTOS FARMACEUTICOS GLOBO LTDA / 63.503.007/0024-32","Acailandia","MA","08/07/2024","//","Carga em Rota","1"
"SAO LUIZ-MA","561034","001","","","03/07/2024","20:35:56","PANPHARMA DISTRIBUIDORA DE MEDICAMENTOS LTDA. / 01.206.820/0032-01","Sao Jose de Ribamar","MA","637520-FARMACIA BOUERES LTDA EPP / 25.370.315/0001-51","Sao Luis","MA","03/07/2024","//","Carga em Rota","2"
"SAO LUIZ-MA","561035","001","","17138 / 001","03/07/2024","20:40:57","EMMARKA-MA DISTRIBUIDORA DE MEDICAMENTOS LTDA / 12.046.118/0001-30","Sao Luis","MA","EMPREENDIMENTOS FARMACEUTICOS GLOBO LTDA / 63.503.007/0206-86","Barra do Corda","MA","08/07/2024","//","Carga em Rota","1"
"SAO LUIZ-MA","561036","001","","","03/07/2024","20:36:04","PANPHARMA DISTRIBUIDORA DE MEDICAMENTOS LTDA. / 01.206.820/0032-01","Sao Jose de Ribamar","MA","35004-PEREIRA COM DE MEDICAMENTOS LTDA EPP / 04.699.519/0001-60","Imperatriz","MA","03/07/2024","//","Carga em Rota","4"
"SAO LUIZ-MA","561037","001","","17138 / 001","03/07/2024","20:40:56","EMMARKA-MA DISTRIBUIDORA DE MEDICAMENTOS LTDA / 12.046.118/0001-30","Sao Luis","MA","EMPREENDIMENTOS FARMACEUTICOS GLOBO LTDA / 63.503.007/0034-04","Codo","MA","08/07/2024","//","Carga em Rota","1"
"SAO LUIZ-MA","561038","001","","17137 / 001","03/07/2024","20:02:12","MEDCENTRO TO DISTRIBUIDORA DE PROD FARMACEUTICOS / 04.857.869/0002-99","Imperatriz","MA","JOCIVALDA GOMES DA SILVA / 38.230.016/0001-63","Sao Luis","MA","04/07/2024","//","Carga em Rota","2"
"SAO LUIZ-MA","561039","001","","17137 / 001","03/07/2024","20:02:11","MEDCENTRO TO DISTRIBUIDORA DE PROD FARMACEUTICOS / 04.857.869/0002-99","Imperatriz","MA","BARROS E RODRIGUES LTDA / 45.900.671/0001-47","Sao Luis","MA","04/07/2024","//","Carga em Rota","2"
"SAO LUIZ-MA","561040","001","","17138 / 001","03/07/2024","20:40:56","EMMARKA-MA DISTRIBUIDORA DE MEDICAMENTOS LTDA / 12.046.118/0001-30","Sao Luis","MA","L DE FARIAS LIMA / 11.487.630/0001-59","Chapadinha","MA","08/07/2024","04/07/2024 11:02","Carga Entregue","2"
"SAO LUIZ-MA","561041","001","","17137 / 001","03/07/2024","20:02:10","MEDCENTRO TO DISTRIBUIDORA DE PROD FARMACEUTICOS / 04.857.869/0002-99","Imperatriz","MA","CA PEREIRA FARMACIA E DROGARIA LTDA / 33.862.403/0001-07","Sao Luis","MA","04/07/2024","//","Carga em Rota","1"
"SAO LUIZ-MA","561042","001","","17137 / 001","03/07/2024","20:02:16","MEDCENTRO TO DISTRIBUIDORA DE PROD FARMACEUTICOS / 04.857.869/0002-99","Imperatriz","MA","M.A.DOMINICE GOMES / 24.995.519/0001-15","Sao Jose de Ribamar","MA","04/07/2024","//","Carga em Rota","1"
"SAO LUIZ-MA","561043","001","","17137 / 001","03/07/2024","20:02:11","MEDCENTRO TO DISTRIBUIDORA DE PROD FARMACEUTICOS / 04.857.869/0002-99","Imperatriz","MA","L COELHO DE SOUZA COMERCIO / 31.487.551/0001-55","Santa Rita","MA","04/07/2024","//","Carga em Rota","2"
"SAO LUIZ-MA","561044","001","","17137 / 001","03/07/2024","20:02:16","MEDCENTRO TO DISTRIBUIDORA DE PROD FARMACEUTICOS / 04.857.869/0002-99","Imperatriz","MA","NIL POPULAR MEDICAMENTOS LTDA / 47.603.900/0001-97","Pirapemas","MA","04/07/2024","//","Carga em Rota","3"
"SAO LUIZ-MA","561045","001","","17138 / 001","03/07/2024","20:41:32","EMMARKA-MA DISTRIBUIDORA DE MEDICAMENTOS LTDA / 12.046.118/0001-30","Sao Luis","MA","NAURICELIA DOS SANTOS COSTA AMORIM SUPER FARMA / 52.417.928/0001-70","Penalva","MA","08/07/2024","//","Carga em Rota","1"
"SAO LUIZ-MA","561046","001","","17137 / 001","03/07/2024","20:02:11","MEDCENTRO TO DISTRIBUIDORA DE PROD FARMACEUTICOS / 04.857.869/0002-99","Imperatriz","MA","RODRIGO RICARTE DROGARIA LTDA / 46.707.438/0001-05","Sao Luis","MA","04/07/2024","//","Carga em Rota","2"
"SAO LUIZ-MA","561047","001","","17137 / 001","03/07/2024","20:02:14","MEDCENTRO TO DISTRIBUIDORA DE PROD FARMACEUTICOS / 04.857.869/0002-99","Imperatriz","MA","W O SANTOS JUNIOR / 05.170.176/0001-05","Sao Luis","MA","04/07/2024","//","Carga em Rota","1"
"SAO LUIZ-MA","561048","001","","17137 / 001","03/07/2024","20:02:11","MEDCENTRO TO DISTRIBUIDORA DE PROD FARMACEUTICOS / 04.857.869/0002-99","Imperatriz","MA","M B A COSTA LTDA / 53.982.076/0001-26","Sao Luis","MA","04/07/2024","//","Carga em Rota","2"
"SAO LUIZ-MA","561049","001","","17137 / 001","03/07/2024","20:02:16","MEDCENTRO TO DISTRIBUIDORA DE PROD FARMACEUTICOS / 04.857.869/0002-99","Imperatriz","MA","M B A COSTA LTDA / 53.982.076/0001-26","Sao Luis","MA","04/07/2024","//","Carga em Rota","0"
"SAO LUIZ-MA","561050","001","","17137 / 001","03/07/2024","20:02:12","MEDCENTRO TO DISTRIBUIDORA DE PROD FARMACEUTICOS / 04.857.869/0002-99","Imperatriz","MA","JOSE INACIO SILVA / 23.488.293/0001-01","Penalva","MA","05/07/2024","//","Carga em Rota","2"
"SAO LUIZ-MA","561051","001","","17138 / 001","03/07/2024","20:41:34","EMMARKA-MA DISTRIBUIDORA DE MEDICAMENTOS LTDA / 12.046.118/0001-30","Sao Luis","MA","METTA DROGARIAS LTDA / 35.812.253/0003-06","Caxias","MA","08/07/2024","//","Carga em Rota","3"
"SAO LUIZ-MA","561052","001","","17137 / 001","03/07/2024","20:02:12","MEDCENTRO TO DISTRIBUIDORA DE PROD FARMACEUTICOS / 04.857.869/0002-99","Imperatriz","MA","CIRIACO RODRIGUES PEREIRA / 01.627.412/0001-19","Altamira do Maranhao","MA","04/07/2024","//","Carga em Rota","3"
"SAO LUIZ-MA","561053","001","","17138 / 001","03/07/2024","20:41:35","EMMARKA-MA DISTRIBUIDORA DE MEDICAMENTOS LTDA / 12.046.118/0001-30","Sao Luis","MA","METTA DROGARIAS LTDA / 35.812.253/0001-44","Caxias","MA","08/07/2024","//","Carga em Rota","4"
"SAO LUIZ-MA","561054","001","","","03/07/2024","20:36:08","PANPHARMA DISTRIBUIDORA DE MEDICAMENTOS LTDA. / 01.206.820/0032-01","Sao Jose de Ribamar","MA","K L G FREITAS / 37.121.705/0001-77","Sao Domingos do Maranhao","MA","03/07/2024","//","Carga em Rota","2"
"SAO LUIZ-MA","561055","001","","17138 / 001","03/07/2024","20:41:34","EMMARKA-MA DISTRIBUIDORA DE MEDICAMENTOS LTDA / 12.046.118/0001-30","Sao Luis","MA","FERREIRA C E SILVA FCIA LTDA / 40.570.669/0002-14","Lago da Pedra","MA","08/07/2024","//","Carga em Rota","2"
"SAO LUIZ-MA","561056","001","","","03/07/2024","20:36:13","PANPHARMA DISTRIBUIDORA DE MEDICAMENTOS LTDA. / 01.206.820/0032-01","Sao Jose de Ribamar","MA","O A DA SILVA LINDOLFO / 47.052.445/0001-89","Santa Luzia","MA","03/07/2024","//","Carga em Rota","4"
"SAO LUIZ-MA","561057","001","","","03/07/2024","20:36:23","PANPHARMA DISTRIBUIDORA DE MEDICAMENTOS LTDA. / 01.206.820/0032-01","Sao Jose de Ribamar","MA","B V DA COSTA FARMACIA LTDA / 37.460.315/0001-21","Mata Roma","MA","03/07/2024","//","Carga em Rota","3"
"SAO LUIZ-MA","561058","001","","","03/07/2024","20:36:23","PANPHARMA DISTRIBUIDORA DE MEDICAMENTOS LTDA. / 01.206.820/0032-01","Sao Jose de Ribamar","MA","DROGARIA SHOPPING FARMA LTDA / 47.944.048/0001-11","Maraja do Sena","MA","03/07/2024","//","Carga em Rota","3"
"SAO LUIZ-MA","561059","001","","17138 / 001","03/07/2024","20:41:35","EMMARKA-MA DISTRIBUIDORA DE MEDICAMENTOS LTDA / 12.046.118/0001-30","Sao Luis","MA","ECONOMICA DROGARIA LTDA / 69.555.175/0001-61","Imperatriz","MA","08/07/2024","//","Carga em Rota","3"
"SAO LUIZ-MA","561060","001","","","03/07/2024","20:36:23","PANPHARMA DISTRIBUIDORA DE MEDICAMENTOS LTDA. / 01.206.820/0032-01","Sao Jose de Ribamar","MA","A K EMPREENDIMENTOS FARMACEUTI / 39.380.269/0001-86","Tasso Fragoso","MA","03/07/2024","//","Carga em Rota","2"
"SAO LUIZ-MA","561061","001","","17138 / 001","03/07/2024","20:41:34","EMMARKA-MA DISTRIBUIDORA DE MEDICAMENTOS LTDA / 12.046.118/0001-30","Sao Luis","MA","EMPREENDIMENTO FARMACEUTICOS BLOBO LTDA / 63.503.007/0026-02","Caxias","MA","08/07/2024","//","Carga em Rota","1"
"SAO LUIZ-MA","561062","001","","","03/07/2024","20:36:32","PANPHARMA DISTRIBUIDORA DE MEDICAMENTOS LTDA. / 01.206.820/0032-01","Sao Jose de Ribamar","MA","M R SOUSA DROGARIA / 21.662.123/0001-68","Sao Luis","MA","03/07/2024","//","Carga em Rota","2"
"SAO LUIZ-MA","561063","001","","","03/07/2024","20:36:33","PANPHARMA DISTRIBUIDORA DE MEDICAMENTOS LTDA. / 01.206.820/0032-01","Sao Jose de Ribamar","MA","V S OLIVEIRA & CIA LTDA / 26.778.145/0008-88","Caxias","MA","03/07/2024","//","Carga em Rota","2"
"SAO LUIZ-MA","561064","001","","17138 / 001","03/07/2024","20:41:37","EMMARKA-MA DISTRIBUIDORA DE MEDICAMENTOS LTDA / 12.046.118/0001-30","Sao Luis","MA","EMPREENDIMENTOS FARMACEUTICOS GLOBO LTDA-DEMAIS / 63.503.007/0198-31","Itapecuru Mirim","MA","08/07/2024","//","Carga em Rota","1"
"SAO LUIZ-MA","561065","001","","","03/07/2024","20:36:33","PANPHARMA DISTRIBUIDORA DE MEDICAMENTOS LTDA. / 01.206.820/0032-01","Sao Jose de Ribamar","MA","638873-HIPER FARMA LTDA / 29.474.162/0006-58","Pedreiras","MA","03/07/2024","//","Carga em Rota","5"
"SAO LUIZ-MA","561066","001","","17138 / 001","03/07/2024","20:41:17","EMMARKA-MA DISTRIBUIDORA DE MEDICAMENTOS LTDA / 12.046.118/0001-30","Sao Luis","MA","EMPREDIMENTO FARMACEUTICOS GLOBO LTDA / 63.503.007/0079-06","Imperatriz","MA","08/07/2024","//","Carga em Rota","1"
"SAO LUIZ-MA","561067","001","","","03/07/2024","20:36:33","PANPHARMA DISTRIBUIDORA DE MEDICAMENTOS LTDA. / 01.206.820/0032-01","Sao Jose de Ribamar","MA","R H C CASTRO PRODUTOS FARMACEUTICOS / 16.878.609/0001-06","Timon","MA","03/07/2024","//","Carga em Rota","4"
"SAO LUIZ-MA","561068","001","","","03/07/2024","20:36:33","PANPHARMA DISTRIBUIDORA DE MEDICAMENTOS LTDA. / 01.206.820/0032-01","Sao Jose de Ribamar","MA","SOLANGE DE SOUSA OLIVEIRA LTDA / 52.602.189/0001-96","Olho D Agua das Cunhas","MA","03/07/2024","//","Carga em Rota","4"
"SAO LUIZ-MA","561069","001","","17138 / 001","03/07/2024","20:41:17","EMMARKA-MA DISTRIBUIDORA DE MEDICAMENTOS LTDA / 12.046.118/0001-30","Sao Luis","MA","ASSUNCAO MEDICAMENTOS LTDA / 07.545.062/0004-70","Imperatriz","MA","08/07/2024","//","Carga em Rota","2"
"SAO LUIZ-MA","561070","001","","","03/07/2024","20:36:34","PANPHARMA DISTRIBUIDORA DE MEDICAMENTOS LTDA. / 01.206.820/0032-01","Sao Jose de Ribamar","MA","R A VELOSO DROGARIA / 06.281.568/0001-04","Itaipava do Grajau","MA","03/07/2024","//","Carga em Rota","2"
"SAO LUIZ-MA","561071","001","","","03/07/2024","20:36:35","PANPHARMA DISTRIBUIDORA DE MEDICAMENTOS LTDA. / 01.206.820/0032-01","Sao Jose de Ribamar","MA","FALCAO E CHAVES DROGARIA LTDA / 53.834.947/0001-64","Caxias","MA","03/07/2024","//","Carga em Rota","7"
"SAO LUIZ-MA","561072","001","","","03/07/2024","20:36:36","PANPHARMA DISTRIBUIDORA DE MEDICAMENTOS LTDA. / 01.206.820/0032-01","Sao Jose de Ribamar","MA","F B RIBEIRO LTDA / 41.280.112/0001-20","Sao Luis","MA","03/07/2024","//","Carga em Rota","1"
"SAO LUIZ-MA","561073","001","","","03/07/2024","20:36:36","PANPHARMA DISTRIBUIDORA DE MEDICAMENTOS LTDA. / 01.206.820/0032-01","Sao Jose de Ribamar","MA","RAIA DROGASIL S A / 61.585.865/0556-49","Sao Luis","MA","03/07/2024","//","Carga em Rota","5"
"SAO LUIZ-MA","561074","001","","","03/07/2024","20:36:40","PANPHARMA DISTRIBUIDORA DE MEDICAMENTOS LTDA. / 01.206.820/0032-01","Sao Jose de Ribamar","MA","637553-MARIA DO SOCORRO PEREIRA DA SILVA . / 41.469.453/0001-49","Brejo","MA","03/07/2024","//","Carga em Rota","1"
"SAO LUIZ-MA","561075","001","","","03/07/2024","20:36:47","PANPHARMA DISTRIBUIDORA DE MEDICAMENTOS LTDA. / 01.206.820/0032-01","Sao Jose de Ribamar","MA","IONALDO CARDOSO SANTOS / 00.068.079/0001-92","Pedreiras","MA","03/07/2024","//","Carga em Rota","2"
"SAO LUIZ-MA","561076","001","","17138 / 001","03/07/2024","20:41:19","EMMARKA-MA DISTRIBUIDORA DE MEDICAMENTOS LTDA / 12.046.118/0001-30","Sao Luis","MA","OLEGARIO JOSE DE SOUSA NETO / 13.337.558/0001-09","Santa Luzia","MA","08/07/2024","//","Carga em Rota","2"
"SAO LUIZ-MA","561077","001","","","03/07/2024","20:36:55","PANPHARMA DISTRIBUIDORA DE MEDICAMENTOS LTDA. / 01.206.820/0032-01","Sao Jose de Ribamar","MA","30440-BRIGE E SILVA LTDA EPP / 07.054.828/0001-71","Imperatriz","MA","03/07/2024","//","Carga em Rota","3"
"SAO LUIZ-MA","561078","001","","","03/07/2024","20:36:56","PANPHARMA DISTRIBUIDORA DE MEDICAMENTOS LTDA. / 01.206.820/0032-01","Sao Jose de Ribamar","MA","HIPER FARMA LTDA / 29.474.162/0050-21","Santa Ines","MA","03/07/2024","//","Carga em Rota","6"
"SAO LUIZ-MA","561079","001","","","03/07/2024","20:36:55","PANPHARMA DISTRIBUIDORA DE MEDICAMENTOS LTDA. / 01.206.820/0032-01","Sao Jose de Ribamar","MA","V ALVES DA SILVA / 41.917.732/0001-28","Carutapera","MA","03/07/2024","//","Carga em Rota","2"
"SAO LUIZ-MA","561080","001","","","03/07/2024","20:36:57","PANPHARMA DISTRIBUIDORA DE MEDICAMENTOS LTDA. / 01.206.820/0032-01","Sao Jose de Ribamar","MA","HIPER FARMA LTDA-EPP / 29.474.162/0070-75","Sao Luis","MA","03/07/2024","//","Carga em Rota","6"
"SAO LUIZ-MA","561081","001","","17138 / 001","03/07/2024","20:41:15","EMMARKA-MA DISTRIBUIDORA DE MEDICAMENTOS LTDA / 12.046.118/0001-30","Sao Luis","MA","FABIO NASCIMENTO FILHO / 32.744.267/0001-80","Imperatriz","MA","08/07/2024","//","Carga em Rota","2"
"SAO LUIZ-MA","561082","001","","","03/07/2024","20:36:57","PANPHARMA DISTRIBUIDORA DE MEDICAMENTOS LTDA. / 01.206.820/0032-01","Sao Jose de Ribamar","MA","A RAFAELI XAVIER SILVA / 42.333.884/0001-46","Lima Campos","MA","03/07/2024","//","Carga em Rota","4"
"SAO LUIZ-MA","561083","001","","","03/07/2024","20:36:57","PANPHARMA DISTRIBUIDORA DE MEDICAMENTOS LTDA. / 01.206.820/0032-01","Sao Jose de Ribamar","MA","639316-XIMENES  COSTA LTDA ME . / 22.023.475/0001-36","Riachao","MA","03/07/2024","//","Carga em Rota","13"
"SAO LUIZ-MA","561084","001","","17138 / 001","03/07/2024","20:41:16","EMMARKA-MA DISTRIBUIDORA DE MEDICAMENTOS LTDA / 12.046.118/0001-30","Sao Luis","MA","SILVA, FERREIRA E CIRQUEIRA FARMACIA LTDA / 35.898.050/0001-12","Ze Doca","MA","08/07/2024","//","Carga em Rota","2"
"SAO LUIZ-MA","561085","001","","","03/07/2024","20:36:58","PANPHARMA DISTRIBUIDORA DE MEDICAMENTOS LTDA. / 01.206.820/0032-01","Sao Jose de Ribamar","MA","E DE S TORRES / 43.545.683/0001-75","Itaipava do Grajau","MA","03/07/2024","//","Carga em Rota","5"
"SAO LUIZ-MA","561086","001","","17138 / 001","03/07/2024","20:41:16","EMMARKA-MA DISTRIBUIDORA DE MEDICAMENTOS LTDA / 12.046.118/0001-30","Sao Luis","MA","DROGARIA ECONOMICA POPULAR LTDA / 38.100.816/0001-60","Imperatriz","MA","08/07/2024","//","Carga em Rota","2"
"SAO LUIZ-MA","561087","001","","","03/07/2024","20:36:57","PANPHARMA DISTRIBUIDORA DE MEDICAMENTOS LTDA. / 01.206.820/0032-01","Sao Jose de Ribamar","MA","HIPER FARMA LTDA / 29.474.162/0023-59","Imperatriz","MA","03/07/2024","//","Carga em Rota","3"
"SAO LUIZ-MA","561088","001","","","03/07/2024","20:37:04","PANPHARMA DISTRIBUIDORA DE MEDICAMENTOS LTDA. / 01.206.820/0032-01","Sao Jose de Ribamar","MA","DHANIEL LYVIO DO N MORAIS - ME / 28.167.172/0001-73","Sao Luis","MA","03/07/2024","//","Carga em Rota","2"
"SAO LUIZ-MA","561089","001","","17138 / 001","03/07/2024","20:41:17","SK AUTOMOTIVE DISTRIBUIDORA DE AUTOPECAS LTDA / 08.237.002/0045-21","Sao Luis","MA","M SOUSA MARTINS - ME / 04.109.461/0001-58","Ze Doca","MA","05/07/2024","//","Carga em Rota","8"
"SAO LUIZ-MA","561090","001","","","03/07/2024","20:37:10","PANPHARMA DISTRIBUIDORA DE MEDICAMENTOS LTDA. / 01.206.820/0032-01","Sao Jose de Ribamar","MA","SONIA M A SANTOS MEDICAMENTOS / 02.151.336/0001-80","Caxias","MA","03/07/2024","//","Carga em Rota","1"
"SAO LUIZ-MA","561091","001","","","03/07/2024","20:37:09","PANPHARMA DISTRIBUIDORA DE MEDICAMENTOS LTDA. / 01.206.820/0032-01","Sao Jose de Ribamar","MA","LUNA VIANA E SOUSA LTDA / 48.022.352/0001-74","Joselandia","MA","03/07/2024","//","Carga em Rota","1"
"SAO LUIZ-MA","561092","001","","","03/07/2024","20:37:10","PANPHARMA DISTRIBUIDORA DE MEDICAMENTOS LTDA. / 01.206.820/0032-01","Sao Jose de Ribamar","MA","HIPER FARMA LTDA / 29.474.162/0060-01","Sao Luis","MA","03/07/2024","//","Carga em Rota","3"
"SAO LUIZ-MA","561093","001","","","03/07/2024","20:37:10","PANPHARMA DISTRIBUIDORA DE MEDICAMENTOS LTDA. / 01.206.820/0032-01","Sao Jose de Ribamar","MA","J C DOS SANTOS / 43.120.298/0001-86","Vitorino Freire","MA","03/07/2024","//","Carga em Rota","2"
"SAO LUIZ-MA","561094","001","","","03/07/2024","20:37:19","PANPHARMA DISTRIBUIDORA DE MEDICAMENTOS LTDA. / 01.206.820/0032-01","Sao Jose de Ribamar","MA","JOANA BESERRA DA SILVA / 02.771.106/0001-14","Arame","MA","03/07/2024","//","Carga em Rota","2"
"SAO LUIZ-MA","561095","001","","85791 / U","03/07/2024","20:41:15","COMERCIAL DE RACOES PROD AGROPECUARIO  LTDA / 72.537.137/0006-03","Sao Luis","MA","A J P CORREA ME / 86.719.143/0001-73","Barreirinhas","MA","05/07/2024","//","Carga em Rota","9"
"SAO LUIZ-MA","561096","001","","","03/07/2024","20:37:18","PANPHARMA DISTRIBUIDORA DE MEDICAMENTOS LTDA. / 01.206.820/0032-01","Sao Jose de Ribamar","MA","S L DA SILVA MENDES / 45.857.335/0001-69","Miranda do Norte","MA","03/07/2024","//","Carga em Rota","1"
"SAO LUIZ-MA","561097","001","","","03/07/2024","20:37:19","PANPHARMA DISTRIBUIDORA DE MEDICAMENTOS LTDA. / 01.206.820/0032-01","Sao Jose de Ribamar","MA","HIPER FARMA / 29.474.162/0085-51","Sao Luis","MA","03/07/2024","//","Carga em Rota","5"
"SAO LUIZ-MA","561098","001","","","03/07/2024","20:37:19","PANPHARMA DISTRIBUIDORA DE MEDICAMENTOS LTDA. / 01.206.820/0032-01","Sao Jose de Ribamar","MA","638800-HIPER FARMA LTDA / 29.474.162/0004-96","Sao Luis","MA","03/07/2024","//","Carga em Rota","3"
"SAO LUIZ-MA","561099","001","","","03/07/2024","20:37:27","PANPHARMA DISTRIBUIDORA DE MEDICAMENTOS LTDA. / 01.206.820/0032-01","Sao Jose de Ribamar","MA","A DE P GOMES CASTRO / 29.713.571/0001-55","Amapa do Maranhao","MA","03/07/2024","//","Carga em Rota","1"
"SAO LUIZ-MA","561100","001","","","03/07/2024","20:37:30","PANPHARMA DISTRIBUIDORA DE MEDICAMENTOS LTDA. / 01.206.820/0032-01","Sao Jose de Ribamar","MA","HOSPITAL ESPERANCA SA / 02.284.062/0011-70","Sao Luis","MA","03/07/2024","//","Carga em Rota","1"
"SAO LUIZ-MA","561101","001","","17138 / 001","03/07/2024","20:41:12","COMERCIAL DE RACOES PROD AGROPECUARIO  LTDA / 72.537.137/0006-03","Sao Luis","MA","F S DE JESUS / 50.440.418/0001-98","Alto Alegre do Pindare","MA","08/07/2024","//","Carga em Rota","4"
"SAO LUIZ-MA","561102","001","","","03/07/2024","20:37:30","PANPHARMA DISTRIBUIDORA DE MEDICAMENTOS LTDA. / 01.206.820/0032-01","Sao Jose de Ribamar","MA","J MOREIRA DE CARVALHO NETO E CIA LTDA / 30.569.336/0001-30","Codo","MA","03/07/2024","//","Carga em Rota","4"
"SAO LUIZ-MA","561103","001","","","03/07/2024","20:37:31","PANPHARMA DISTRIBUIDORA DE MEDICAMENTOS LTDA. / 01.206.820/0032-01","Sao Jose de Ribamar","MA","LDS FARMACIA LTDA / 43.783.214/0001-94","Sao Luis","MA","03/07/2024","//","Carga em Rota","1"
"SAO LUIZ-MA","561104","001","","17139 / 001","03/07/2024","20:41:17","ALYFARMA DISTRIBUIDORA LTDA / 26.752.173/0001-50","Sao Luis","MA","A. S. MACHADO FARMACIA / 25.027.043/0001-91","Candido Mendes","MA","08/07/2024","//","Carga em Rota","1"
"SAO LUIZ-MA","561105","001","","","03/07/2024","20:37:30","PANPHARMA DISTRIBUIDORA DE MEDICAMENTOS LTDA. / 01.206.820/0032-01","Sao Jose de Ribamar","MA","638853-M DA C G CAMAPUM EIRELI . / 31.191.700/0001-34","Presidente Dutra","MA","03/07/2024","//","Carga em Rota","1"
"SAO LUIZ-MA","561106","001","","","03/07/2024","20:37:36","PANPHARMA DISTRIBUIDORA DE MEDICAMENTOS LTDA. / 01.206.820/0032-01","Sao Jose de Ribamar","MA","DROGARIA FARMA POPULAR LTDA / 45.388.185/0001-91","Bacabal","MA","03/07/2024","//","Carga em Rota","3"
"SAO LUIZ-MA","561107","001","","","03/07/2024","20:37:35","PANPHARMA DISTRIBUIDORA DE MEDICAMENTOS LTDA. / 01.206.820/0032-01","Sao Jose de Ribamar","MA","MARCIA C SANTOS / 07.842.078/0001-00","Imperatriz","MA","03/07/2024","//","Carga em Rota","1"
"SAO LUIZ-MA","561108","001","","17138 / 001","03/07/2024","20:40:42","ALYFARMA DISTRIBUIDORA LTDA / 26.752.173/0001-50","Sao Luis","MA","VARGEMFARMA DROGARIA LTDA-ME / 45.416.600/0001-73","Vargem Grande","MA","08/07/2024","//","Carga em Rota","1"
"SAO LUIZ-MA","561109","001","","","03/07/2024","20:37:36","PANPHARMA DISTRIBUIDORA DE MEDICAMENTOS LTDA. / 01.206.820/0032-01","Sao Jose de Ribamar","MA","CARVALHO NOGUEIRA LTDA / 46.817.846/0001-10","Tutoia","MA","03/07/2024","//","Carga em Rota","1"
"SAO LUIZ-MA","561110","001","","17138 / 001","03/07/2024","20:40:41","ALYFARMA DISTRIBUIDORA LTDA / 26.752.173/0001-50","Sao Luis","MA","638667-W DA FONSECA ROCHA JUNIOR . / 08.191.618/0001-98","Pastos Bons","MA","08/07/2024","//","Carga em Rota","1"
"SAO LUIZ-MA","561111","001","","","03/07/2024","20:37:36","PANPHARMA DISTRIBUIDORA DE MEDICAMENTOS LTDA. / 01.206.820/0032-01","Sao Jose de Ribamar","MA","638659-F FLAVIANNE F DIAS ME . / 08.263.481/0001-30","Dom Pedro","MA","03/07/2024","//","Carga em Rota","1"
"SAO LUIZ-MA","561112","001","","","03/07/2024","20:37:44","PANPHARMA DISTRIBUIDORA DE MEDICAMENTOS LTDA. / 01.206.820/0032-01","Sao Jose de Ribamar","MA","PAULA CASTRO PRODUTOS FARMACEUTICOS LTDA EPP / 49.540.660/0001-54","Timon","MA","03/07/2024","//","Carga em Rota","2"
"SAO LUIZ-MA","561113","001","","17138 / 001","03/07/2024","20:40:41","PACAEMBU DISTRIBUIDORA AUTOPECAS LTDA / 61.295.473/0035-05","Sao Luis","MA","BELCAR TRUCK CENTER LTDA / 21.208.315/0001-07","Santa Ines","MA","05/07/2024","04/07/2024 10:27","Carga Entregue","8"
"SAO LUIZ-MA","561114","001","","","03/07/2024","20:37:44","PANPHARMA DISTRIBUIDORA DE MEDICAMENTOS LTDA. / 01.206.820/0032-01","Sao Jose de Ribamar","MA","CARLOS E. ARAUJO SILVA / 19.021.072/0001-43","Sao Domingos do Maranhao","MA","03/07/2024","//","Carga em Rota","1"
"SAO LUIZ-MA","561115","001","","","03/07/2024","20:37:48","PANPHARMA DISTRIBUIDORA DE MEDICAMENTOS LTDA. / 01.206.820/0032-01","Sao Jose de Ribamar","MA","HIPER FARMA LTDA / 29.474.162/0010-34","Coroata","MA","03/07/2024","//","Carga em Rota","3"
"SAO LUIZ-MA","561116","001","","17138 / 001","03/07/2024","20:40:41","PACAEMBU DISTRIBUIDORA AUTOPECAS LTDA / 61.295.473/0035-05","Sao Luis","MA","J V TEIXEIRA JUNIOR / 27.267.125/0001-39","Pio XII","MA","05/07/2024","//","Carga em Rota","2"
"SAO LUIZ-MA","561117","001","","17138 / 001","03/07/2024","20:40:39","PACAEMBU DISTRIBUIDORA AUTOPECAS LTDA / 61.295.473/0035-05","Sao Luis","MA","AUTO PECAS E DISTRIBUIDORA TINOCO ARAGAO LTDA / 01.781.381/0001-56","Itapecuru Mirim","MA","05/07/2024","//","Carga em Rota","3"
"SAO LUIZ-MA","561118","001","","17138 / 001","03/07/2024","20:40:37","BEZERRA E OLIV.COM. DE A.PECAS-L11 / 07.221.070/0013-52","Sao Luis","MA","DANILO SOUSA MARQUES / 08.570.990/0001-05","Olho D Agua das Cunhas","MA","05/07/2024","//","Carga em Rota","2"
"SAO LUIZ-MA","561119","001","","17138 / 001","03/07/2024","20:40:34","BEZERRA E OLIV.COM. DE A.PECAS-L11 / 07.221.070/0013-52","Sao Luis","MA","R. S. PENHA / 28.250.072/0001-06","Miranda do Norte","MA","05/07/2024","04/07/2024 10:19","Carga Entregue","3"
"SAO LUIZ-MA","561120","001","","17139 / 001","03/07/2024","20:40:33","BEZERRA E OLIV.COM. DE A.PECAS-L11 / 07.221.070/0013-52","Sao Luis","MA","H.S. PINTO SOUSA PECAS E SERVICOS-ME / 19.988.177/0001-76","Centro do Guilherme","MA","05/07/2024","//","Carga em Rota","1"
"SAO LUIZ-MA","561121","001","","17138 / 001","03/07/2024","20:40:33","CIA BRASILEIRA DIST AUTO S.A / 42.580.092/0054-88","Sao Luis","MA","DANILO SOUSA MARQUES / 08.570.990/0001-05","Olho D Agua das Cunhas","MA","03/07/2024","//","Carga em Rota","12"
"SAO LUIZ-MA","561122","001","","17138 / 001","03/07/2024","20:40:28","CIA BRASILEIRA DIST AUTO S.A / 42.580.092/0054-88","Sao Luis","MA","RAIMUNDO GONCALVES DA SILVA ME / 04.083.643/0001-05","Cantanhede","MA","03/07/2024","//","Carga em Rota","4"
"SAO LUIZ-MA","561123","001","","17139 / 001","03/07/2024","20:40:33","CIA BRASILEIRA DIST AUTO S.A / 42.580.092/0054-88","Sao Luis","MA","ADRIANO S SILVA / 33.104.124/0001-76","Amapa do Maranhao","MA","03/07/2024","//","Carga em Rota","8"
"SAO LUIZ-MA","561124","001","","","03/07/2024","20:39:48","PANPHARMA DISTRIBUIDORA DE MEDICAMENTOS LTDA. / 01.206.820/0032-01","Sao Jose de Ribamar","MA","S OLIVEIRA MATOS / 19.635.894/0001-14","Paco do Lumiar","MA","03/07/2024","//","Carga em Rota","5"
"SAO LUIZ-MA","561125","001","","17137 / 001","03/07/2024","20:50:53","MEDCENTRO TO DISTRIBUIDORA DE PROD FARMACEUTICOS / 04.857.869/0002-99","Imperatriz","MA","BARROS E PROTAZIO LTDA / 29.978.104/0002-38","Sao Luis","MA","04/07/2024","//","Carga em Rota","3"
"SAO LUIZ-MA","561126","001","","17137 / 001","03/07/2024","20:50:49","MEDCENTRO TO DISTRIBUIDORA DE PROD FARMACEUTICOS / 04.857.869/0002-99","Imperatriz","MA","SDP SEREJO DROGARIA COMERCIO LTDA / 23.269.894/0001-15","Sao Jose de Ribamar","MA","04/07/2024","//","Carga em Rota","4"
"SAO LUIZ-MA","561127","001","","17137 / 001","03/07/2024","20:50:50","MEDCENTRO TO DISTRIBUIDORA DE PROD FARMACEUTICOS / 04.857.869/0002-99","Imperatriz","MA","48 949 383 GISLANE DE ALMEIDA MONTEIRO CONCEICAO ME / 48.949.383/0001-75","Tufilandia","MA","04/07/2024","//","Carga em Rota","3"
"SAO LUIZ-MA","561128","001","","17137 / 001","03/07/2024","20:50:52","MEDCENTRO TO DISTRIBUIDORA DE PROD FARMACEUTICOS / 04.857.869/0002-99","Imperatriz","MA","637206-D S MENDONCA ME / 21.497.723/0001-18","Penalva","MA","05/07/2024","//","Carga em Rota","4"
"SAO LUIZ-MA","561129","001","","17137 / 001","03/07/2024","20:50:51","MEDCENTRO TO DISTRIBUIDORA DE PROD FARMACEUTICOS / 04.857.869/0002-99","Imperatriz","MA","ANA G P FARIAS / 47.501.073/0001-20","Pirapemas","MA","04/07/2024","//","Carga em Rota","3"
"SAO LUIZ-MA","561130","001","","17137 / 001","03/07/2024","20:50:50","MEDCENTRO TO DISTRIBUIDORA DE PROD FARMACEUTICOS / 04.857.869/0002-99","Imperatriz","MA","638668-LAIANNE A DA SILVA . / 22.867.361/0001-72","Santa Luzia do Parua","MA","04/07/2024","//","Carga em Rota","14"
"SAO LUIZ-MA","561131","001","","17137 / 001","03/07/2024","20:50:54","MEDCENTRO TO DISTRIBUIDORA DE PROD FARMACEUTICOS / 04.857.869/0002-99","Imperatriz","MA","IDALINA OLIVEIRA DA SILVA / 07.603.436/0001-14","Moncao","MA","04/07/2024","//","Carga em Rota","7"
"SAO LUIZ-MA","561132","001","","17137 / 001","03/07/2024","20:50:50","MEDCENTRO TO DISTRIBUIDORA DE PROD FARMACEUTICOS / 04.857.869/0002-99","Imperatriz","MA","IDALINA OLIVEIRA DA SILVA / 07.603.436/0001-14","Moncao","MA","04/07/2024","//","Carga em Rota","0"
"SAO LUIZ-MA","561133","001","","17137 / 001","03/07/2024","20:50:54","MEDCENTRO TO DISTRIBUIDORA DE PROD FARMACEUTICOS / 04.857.869/0002-99","Imperatriz","MA","A. F. DE ALENCAR SALES / 20.329.125/0001-77","Brejo de Areia","MA","04/07/2024","//","Carga em Rota","4"
"SAO LUIZ-MA","561134","001","","17137 / 001","03/07/2024","20:50:58","MEDCENTRO TO DISTRIBUIDORA DE PROD FARMACEUTICOS / 04.857.869/0002-99","Imperatriz","MA","MEDICAR FARMA PRODUTOS FARMACEUTICOS E HOSPITALARES LTDA / 46.136.694/0001-90","Sao Luis","MA","04/07/2024","//","Carga em Rota","2"
"SAO LUIZ-MA","561135","001","","17137 / 001","03/07/2024","20:50:56","MEDCENTRO TO DISTRIBUIDORA DE PROD FARMACEUTICOS / 04.857.869/0002-99","Imperatriz","MA","O. N. FERNANDES / 07.751.316/0001-64","Vitoria do Mearim","MA","04/07/2024","//","Carga em Rota","2"
"SAO LUIZ-MA","561136","001","","17137 / 001","03/07/2024","20:50:53","MEDCENTRO TO DISTRIBUIDORA DE PROD FARMACEUTICOS / 04.857.869/0002-99","Imperatriz","MA","P. S. LIMA FERNANDES / 10.713.908/0001-04","Vitoria do Mearim","MA","04/07/2024","//","Carga em Rota","5"
"SAO LUIZ-MA","561137","001","","17137 / 001","03/07/2024","20:50:53","MEDCENTRO TO DISTRIBUIDORA DE PROD FARMACEUTICOS / 04.857.869/0002-99","Imperatriz","MA","P. S. LIMA FERNANDES / 10.713.908/0001-04","Vitoria do Mearim","MA","04/07/2024","//","Carga em Rota","3"
"SAO LUIZ-MA","561138","001","","17137 / 001","03/07/2024","20:50:54","MEDCENTRO TO DISTRIBUIDORA DE PROD FARMACEUTICOS / 04.857.869/0002-99","Imperatriz","MA","D V C BRANCO ALMEIDA E CIA LTDA ME / 07.845.018/0001-33","Tutoia","MA","05/07/2024","//","Carga em Rota","3"
"SAO LUIZ-MA","561139","001","","17136 / 001","03/07/2024","21:25:59","PANPHARMA DISTRIBUIDORA DE MEDICAMENTOS LTDA. / 01.206.820/0032-01","Fortaleza","CE","MADRI EXPRESS LOGISTICA LTDA MA / 05.882.643/0004-72","Sao Luis","MA","03/07/2024","//","Carga em Rota","1777"
"SAO LUIZ-MA","561140","001","","17137 / 001","03/07/2024","22:03:59","MEDCENTRO TO DISTRIBUIDORA DE PROD FARMACEUTICOS / 04.857.869/0002-99","Imperatriz","MA","L COELHO DE SOUZA COMERCIO / 31.487.551/0003-17","Miranda do Norte","MA","04/07/2024","//","Carga em Rota","3"
"SAO LUIZ-MA","561141","001","","17137 / 001","03/07/2024","22:03:59","MEDCENTRO TO DISTRIBUIDORA DE PROD FARMACEUTICOS / 04.857.869/0002-99","Imperatriz","MA","A M DA CRUZ DE PAULA LTDA / 52.903.926/0001-90","Sao Luis","MA","04/07/2024","//","Carga em Rota","1"
"SAO LUIZ-MA","561142","001","","17137 / 001","03/07/2024","22:04:03","MEDCENTRO TO DISTRIBUIDORA DE PROD FARMACEUTICOS / 04.857.869/0002-99","Imperatriz","MA","JAILTON DA SILVA ARAUJO - ME / 22.871.856/0001-75","Sao Luis","MA","04/07/2024","//","Carga em Rota","6"
"SAO LUIZ-MA","561143","001","","17137 / 001","03/07/2024","23:08:42","MEDCENTRO TO DISTRIBUIDORA DE PROD FARMACEUTICOS / 04.857.869/0002-99","Imperatriz","MA","J. R. MARTINS COMERCIO / 41.159.273/0001-60","Cantanhede","MA","04/07/2024","//","Carga em Rota","3"
"SAO LUIZ-MA","561144","001","","","04/07/2024","00:16:14","PANPHARMA DISTRIBUIDORA DE MEDICAMENTOS LTDA. / 01.206.820/0032-01","Sao Luis","MA","PANPHARMA DISTRIBUIDORA DE MEDICAMENTOS LTDA. / 01.206.820/0032-01","Itaitinga","CE","04/07/2024","//","Carga em Rota","2"
"SAO LUIZ-MA","561145","001","","85791 / U","04/07/2024","00:36:45","CARVALHO E BITTENCOURT LTDA ME / 03.786.121/0003-60","Sao Luis","MA","TATIELLY MENESES COSTA / 39.332.718/0002-00","Barreirinhas","MA","08/07/2024","//","Carga em Rota","7"
"SAO LUIZ-MA","561146","001","","85790 / U","04/07/2024","00:38:50","CARVALHO E BITTENCOURT LTDA ME / 03.786.121/0003-60","Sao Luis","MA","E. M. R.DOS SANTOS / 37.198.282/0001-93","Cachoeira Grande","MA","08/07/2024","//","Carga em Rota","3"
"SAO LUIZ-MA","140226","001","","85790 / U","03/07/2024","00:00:00","MADRI EXPRESS LOGISTICA LTDA MA / 05.882.643/0004-72","Imperatriz","MA","J B B PORTILHO EPP / 25.047.663/0005-16","Imperatriz","MA","03/07/2024","03/07/2024","Carga Entregue","11"
"SAO LUIZ-MA","140238","001","","85790 / U","03/07/2024","00:00:00","COMERCIAL DE COUROS MILENIO LTDA / 04.284.210/0001-00","Imperatriz","MA","49.020.487 JONATAS DE SOUSA PORTELA / 49.020.487/0001-63","Lago da Pedra","MA","03/07/2024","//","Carga Entregue","1"
"SAO LUIZ-MA","140247","001","","85790 / U","03/07/2024","00:00:00","MADRI EXPRESS LOGISTICA LTDA MA / 05.882.643/0004-72","Sao Luis","MA","DINAMICA COMERCIAL E ATACADO LTDA / 14.424.239/0001-01","Imperatriz","MA","03/07/2024","//","Carga Entregue","1"
"SAO LUIZ-MA","140300","001","","85790 / U","03/07/2024","00:00:00","MADRI EXPRESS LOGISTICA LTDA MA / 05.882.643/0004-72","Sao Luis","MA","MADRI EXPRESS LOGISTICA LTDA MA / 05.882.643/0004-72","Sao Luis","MA","03/07/2024","//","Carga Entregue","1"
"SAO LUIZ-MA","140302","001","","85790 / U","03/07/2024","00:00:00","MADRI EXPRESS LOGISTICA LTDA MA / 05.882.643/0004-72","Sao Luis","MA","MADRI EXPRESS LOGISTICA LTDA MA / 05.882.643/0004-72","Sao Luis","MA","03/07/2024","//","Carga Entregue","1"
"SAO LUIZ-MA","140330","001","","85790 / U","03/07/2024","00:00:00","MADRI EXPRESS LOGISTICA LTDA MA / 05.882.643/0004-72","Imperatriz","MA","JOELITON DA SILVA PEREIRA / 059.681.103-92","Ze Doca","MA","03/07/2024","//","Carga Entregue","3"
"SAO LUIZ-MA","140331","001","","85790 / U","03/07/2024","00:00:00","MADRI EXPRESS LOGISTICA LTDA MA / 05.882.643/0004-72","Sao Luis","MA","MEDCENTRO TO DISTRIBUIDORA DE PROD FARMACEUTICOS / 04.857.869/0002-99","Imperatriz","MA","03/07/2024","//","Carga Entregue","4"
"SAO LUIZ-MA","140332","001","","85790 / U","03/07/2024","00:00:00","MADRI EXPRESS LOGISTICA LTDA MA / 05.882.643/0004-72","Sao Luis","MA","JOSE INACIO SILVA / 23.488.293/0001-01","Penalva","MA","03/07/2024","//","Carga Entregue","1"
"SAO LUIZ-MA","140333","001","","85790 / U","03/07/2024","00:00:00","MADRI EXPRESS LOGISTICA LTDA MA / 05.882.643/0004-72","Sao Luis","MA","DISTRIBUIDORA RIO PARNAIBA MEDICAMENTOS / 25.407.188/0001-18","Imperatriz","MA","03/07/2024","//","Carga Entregue","2"
"SAO LUIZ-MA","140395","001","","85790 / U","04/07/2024","00:00:00","BASE PINHEIRO - MA / 242.507.243-87","Sao Luis","MA","EMMARKA-MA DISTRIBUIDORA DE MEDICAMENTOS LTDA / 12.046.118/0001-30","Sao Luis","MA","04/07/2024","//","Carga Entregue","0"
"","","TOTAIS","","","","","","","","","","","","","","3202"